[{
	"id": 1,
	"class": "row0",
	"first": {
		"id": "",
		"title": "",
		"class": "column0 style1 s",
		"colspan": "",
		"rowspan": "",
		"content": "شروع هفته"
	},
	"second": {
		"id": "",
		"title": "",
		"class": "column1 style1 s",
		"colspan": "",
		"rowspan": "",
		"content": "پایان هفته"
	},
	"third": {
		"id": "1",
		"title": "98 A- A",
		"class": "column2 style88 s style90",
		"colspan": "4",
		"rowspan": "",
		"content": "98 A"
	},
	"forth": {
		"id": "2",
		"title": "98 B- B",
		"class": "column6 style88 s style90",
		"colspan": "4",
		"rowspan": "",
		"content": "98 B"
	},
	"fifth": {
		"id": "3",
		"title": "98 C- C",
		"class": "column10 style88 s style90",
		"colspan": "4",
		"rowspan": "",
		"content": "98 C"
	},
	"sixth": {
		"id": "4",
		"title": "98 D- D",
		"class": "column14 style88 s style90",
		"colspan": "4",
		"rowspan": "",
		"content": "98 D"
	},
	"seventh": {
		"id": "",
		"title": "",
		"class": "",
		"colspan": "",
		"rowspan": "",
		"content": ""
	}
}, {
	"id": 2,
	"class": "row1",
	"first": {
		"id": "",
		"title": "",
		"class": "column0 style2 s",
		"colspan": "",
		"rowspan": "",
		"content": "01.11.22"
	},
	"second": {
		"id": "",
		"title": "",
		"class": "column1 style2 s",
		"colspan": "",
		"rowspan": "",
		"content": "01.11.27"
	},
	"third": {
		"id": "",
		"title": "",
		"class": "column2 style41 s style37",
		"colspan": "4",
		"rowspan": "",
		"content": "***"
	},
	"forth": {
		"id": "",
		"title": "",
		"class": "column6 style41 s style37",
		"colspan": "4",
		"rowspan": "",
		"content": "***"
	},
	"fifth": {
		"id": "5",
		"title": "داخلی- C",
		"class": "column10 style70 s style100",
		"colspan": "4",
		"rowspan": "16",
		"content": "داخلی"
	},
	"sixth": {
		"id": "6",
		"title": "داخلی- D",
		"class": "column14 style70 s style100",
		"colspan": "4",
		"rowspan": "16",
		"content": "داخلی"
	},
	"seventh": {
		"id": "",
		"title": "",
		"class": "",
		"colspan": "",
		"rowspan": "",
		"content": ""
	}
}, {
	"id": 3,
	"class": "row2",
	"first": {
		"id": "",
		"title": "",
		"class": "column0 style1 s",
		"colspan": "",
		"rowspan": "",
		"content": "01.11.29"
	},
	"second": {
		"id": "",
		"title": "",
		"class": "column1 style1 s",
		"colspan": "",
		"rowspan": "",
		"content": "01.12.04"
	},
	"third": {
		"id": "7",
		"title": "رادیولوژی - A",
		"class": "column2 style16 s style6",
		"colspan": "4",
		"rowspan": "2",
		"content": "رادیولوژی "
	},
	"forth": {
		"id": "8",
		"title": "جراحی- B",
		"class": "column6 style67 s style94",
		"colspan": "4",
		"rowspan": "8",
		"content": "جراحی"
	},
	"fifth": {
		"id": "",
		"title": "",
		"class": "",
		"colspan": "",
		"rowspan": "",
		"content": ""
	},
	"sixth": {
		"id": "",
		"title": "",
		"class": "",
		"colspan": "",
		"rowspan": "",
		"content": ""
	},
	"seventh": {
		"id": "",
		"title": "",
		"class": "",
		"colspan": "",
		"rowspan": "",
		"content": ""
	}
}, {
	"id": 4,
	"class": "row3",
	"first": {
		"id": "",
		"title": "",
		"class": "column0 style2 s",
		"colspan": "",
		"rowspan": "",
		"content": "01.12.06"
	},
	"second": {
		"id": "",
		"title": "",
		"class": "column1 style2 s",
		"colspan": "",
		"rowspan": "",
		"content": "01.12.11"
	},
	"third": {
		"id": "",
		"title": "",
		"class": "",
		"colspan": "",
		"rowspan": "",
		"content": ""
	},
	"forth": {
		"id": "",
		"title": "",
		"class": "",
		"colspan": "",
		"rowspan": "",
		"content": ""
	},
	"fifth": {
		"id": "",
		"title": "",
		"class": "",
		"colspan": "",
		"rowspan": "",
		"content": ""
	},
	"sixth": {
		"id": "",
		"title": "",
		"class": "",
		"colspan": "",
		"rowspan": "",
		"content": ""
	},
	"seventh": {
		"id": "",
		"title": "",
		"class": "",
		"colspan": "",
		"rowspan": "",
		"content": ""
	}
}, {
	"id": 5,
	"class": "row4",
	"first": {
		"id": "",
		"title": "",
		"class": "column0 style2 s",
		"colspan": "",
		"rowspan": "",
		"content": "01.12.13"
	},
	"second": {
		"id": "",
		"title": "",
		"class": "column1 style2 s",
		"colspan": "",
		"rowspan": "",
		"content": "01.12.8"
	},
	"third": {
		"id": "9",
		"title": "ارولوژی-اول- A",
		"class": "column2 style85 s style82",
		"colspan": "2",
		"rowspan": "4",
		"content": "ارولوژی-اول"
	},
	"forth": {
		"id": "10",
		"title": "ارتوپدی-اول- A",
		"class": "column4 style83 s style80",
		"colspan": "2",
		"rowspan": "4",
		"content": "ارتوپدی-اول"
	},
	"fifth": {
		"id": "",
		"title": "",
		"class": "",
		"colspan": "",
		"rowspan": "",
		"content": ""
	},
	"sixth": {
		"id": "",
		"title": "",
		"class": "",
		"colspan": "",
		"rowspan": "",
		"content": ""
	},
	"seventh": {
		"id": "",
		"title": "",
		"class": "",
		"colspan": "",
		"rowspan": "",
		"content": ""
	}
}, {
	"id": 6,
	"class": "row5",
	"first": {
		"id": "",
		"title": "",
		"class": "column0 style2 s",
		"colspan": "",
		"rowspan": "",
		"content": "01.12.20"
	},
	"second": {
		"id": "",
		"title": "",
		"class": "column1 style2 s",
		"colspan": "",
		"rowspan": "",
		"content": "01.12.25"
	},
	"third": {
		"id": "",
		"title": "",
		"class": "",
		"colspan": "",
		"rowspan": "",
		"content": ""
	},
	"forth": {
		"id": "",
		"title": "",
		"class": "",
		"colspan": "",
		"rowspan": "",
		"content": ""
	},
	"fifth": {
		"id": "",
		"title": "",
		"class": "",
		"colspan": "",
		"rowspan": "",
		"content": ""
	},
	"sixth": {
		"id": "",
		"title": "",
		"class": "",
		"colspan": "",
		"rowspan": "",
		"content": ""
	},
	"seventh": {
		"id": "",
		"title": "",
		"class": "",
		"colspan": "",
		"rowspan": "",
		"content": ""
	}
}, {
	"id": 7,
	"class": "row6",
	"first": {
		"id": "",
		"title": "",
		"class": "column0 style2 s",
		"colspan": "",
		"rowspan": "",
		"content": "02.01.19"
	},
	"second": {
		"id": "",
		"title": "",
		"class": "column1 style2 s",
		"colspan": "",
		"rowspan": "",
		"content": "02.01.24"
	},
	"third": {
		"id": "",
		"title": "",
		"class": "",
		"colspan": "",
		"rowspan": "",
		"content": ""
	},
	"forth": {
		"id": "",
		"title": "",
		"class": "",
		"colspan": "",
		"rowspan": "",
		"content": ""
	},
	"fifth": {
		"id": "",
		"title": "",
		"class": "",
		"colspan": "",
		"rowspan": "",
		"content": ""
	},
	"sixth": {
		"id": "",
		"title": "",
		"class": "",
		"colspan": "",
		"rowspan": "",
		"content": ""
	},
	"seventh": {
		"id": "",
		"title": "",
		"class": "",
		"colspan": "",
		"rowspan": "",
		"content": ""
	}
}, {
	"id": 8,
	"class": "row7",
	"first": {
		"id": "",
		"title": "",
		"class": "column0 style2 s",
		"colspan": "",
		"rowspan": "",
		"content": "02.01.26"
	},
	"second": {
		"id": "",
		"title": "",
		"class": "column1 style2 s",
		"colspan": "",
		"rowspan": "",
		"content": "02.01.31"
	},
	"third": {
		"id": "",
		"title": "",
		"class": "",
		"colspan": "",
		"rowspan": "",
		"content": ""
	},
	"forth": {
		"id": "",
		"title": "",
		"class": "",
		"colspan": "",
		"rowspan": "",
		"content": ""
	},
	"fifth": {
		"id": "",
		"title": "",
		"class": "",
		"colspan": "",
		"rowspan": "",
		"content": ""
	},
	"sixth": {
		"id": "",
		"title": "",
		"class": "",
		"colspan": "",
		"rowspan": "",
		"content": ""
	},
	"seventh": {
		"id": "",
		"title": "",
		"class": "",
		"colspan": "",
		"rowspan": "",
		"content": ""
	}
}, {
	"id": 9,
	"class": "row8",
	"first": {
		"id": "",
		"title": "",
		"class": "column0 style2 s",
		"colspan": "",
		"rowspan": "",
		"content": "02.02.02"
	},
	"second": {
		"id": "",
		"title": "",
		"class": "column1 style2 s",
		"colspan": "",
		"rowspan": "",
		"content": "02.02.07"
	},
	"third": {
		"id": "11",
		"title": "ارتوپدی-دوم- A",
		"class": "column2 style83 s style80",
		"colspan": "2",
		"rowspan": "4",
		"content": "ارتوپدی-دوم"
	},
	"forth": {
		"id": "12",
		"title": "ارولوژی-دوم - A",
		"class": "column4 style85 s style82",
		"colspan": "2",
		"rowspan": "4",
		"content": "ارولوژی-دوم "
	},
	"fifth": {
		"id": "",
		"title": "",
		"class": "",
		"colspan": "",
		"rowspan": "",
		"content": ""
	},
	"sixth": {
		"id": "",
		"title": "",
		"class": "",
		"colspan": "",
		"rowspan": "",
		"content": ""
	},
	"seventh": {
		"id": "",
		"title": "",
		"class": "",
		"colspan": "",
		"rowspan": "",
		"content": ""
	}
}, {
	"id": 10,
	"class": "row9",
	"first": {
		"id": "",
		"title": "",
		"class": "column0 style2 s",
		"colspan": "",
		"rowspan": "",
		"content": "02.02.09"
	},
	"second": {
		"id": "",
		"title": "",
		"class": "column1 style2 s",
		"colspan": "",
		"rowspan": "",
		"content": "02.02.14"
	},
	"third": {
		"id": "",
		"title": "",
		"class": "",
		"colspan": "",
		"rowspan": "",
		"content": ""
	},
	"forth": {
		"id": "",
		"title": "",
		"class": "",
		"colspan": "",
		"rowspan": "",
		"content": ""
	},
	"fifth": {
		"id": "",
		"title": "",
		"class": "",
		"colspan": "",
		"rowspan": "",
		"content": ""
	},
	"sixth": {
		"id": "",
		"title": "",
		"class": "",
		"colspan": "",
		"rowspan": "",
		"content": ""
	},
	"seventh": {
		"id": "",
		"title": "",
		"class": "",
		"colspan": "",
		"rowspan": "",
		"content": ""
	}
}, {
	"id": 11,
	"class": "row10",
	"first": {
		"id": "",
		"title": "",
		"class": "column0 style2 s",
		"colspan": "",
		"rowspan": "",
		"content": "02.02.16"
	},
	"second": {
		"id": "",
		"title": "",
		"class": "column1 style2 s",
		"colspan": "",
		"rowspan": "",
		"content": "02.02.21"
	},
	"third": {
		"id": "13",
		"title": "رادیولوژی - B",
		"class": "column6 style16 s style6",
		"colspan": "4",
		"rowspan": "2",
		"content": "رادیولوژی "
	},
	"forth": {
		"id": "",
		"title": "",
		"class": "",
		"colspan": "",
		"rowspan": "",
		"content": ""
	},
	"fifth": {
		"id": "",
		"title": "",
		"class": "",
		"colspan": "",
		"rowspan": "",
		"content": ""
	},
	"sixth": {
		"id": "",
		"title": "",
		"class": "",
		"colspan": "",
		"rowspan": "",
		"content": ""
	},
	"seventh": {
		"id": "",
		"title": "",
		"class": "",
		"colspan": "",
		"rowspan": "",
		"content": ""
	}
}, {
	"id": 12,
	"class": "row11",
	"first": {
		"id": "",
		"title": "",
		"class": "column0 style2 s",
		"colspan": "",
		"rowspan": "",
		"content": "02.02.23"
	},
	"second": {
		"id": "",
		"title": "",
		"class": "column1 style2 s",
		"colspan": "",
		"rowspan": "",
		"content": "02.02.28"
	},
	"third": {
		"id": "",
		"title": "",
		"class": "",
		"colspan": "",
		"rowspan": "",
		"content": ""
	},
	"forth": {
		"id": "",
		"title": "",
		"class": "",
		"colspan": "",
		"rowspan": "",
		"content": ""
	},
	"fifth": {
		"id": "",
		"title": "",
		"class": "",
		"colspan": "",
		"rowspan": "",
		"content": ""
	},
	"sixth": {
		"id": "",
		"title": "",
		"class": "",
		"colspan": "",
		"rowspan": "",
		"content": ""
	},
	"seventh": {
		"id": "",
		"title": "",
		"class": "",
		"colspan": "",
		"rowspan": "",
		"content": ""
	}
}, {
	"id": 13,
	"class": "row12",
	"first": {
		"id": "",
		"title": "",
		"class": "column0 style2 s",
		"colspan": "",
		"rowspan": "",
		"content": "02.02.30"
	},
	"second": {
		"id": "",
		"title": "",
		"class": "column1 style2 s",
		"colspan": "",
		"rowspan": "",
		"content": "02.03.04"
	},
	"third": {
		"id": "",
		"title": "",
		"class": "column2 style13 s style15",
		"colspan": "4",
		"rowspan": "",
		"content": "آزمون رادیولوژی"
	},
	"forth": {
		"id": "",
		"title": "",
		"class": "column6 style13 s style15",
		"colspan": "4",
		"rowspan": "",
		"content": "آزمون رادیولوژی"
	},
	"fifth": {
		"id": "",
		"title": "",
		"class": "",
		"colspan": "",
		"rowspan": "",
		"content": ""
	},
	"sixth": {
		"id": "",
		"title": "",
		"class": "",
		"colspan": "",
		"rowspan": "",
		"content": ""
	},
	"seventh": {
		"id": "",
		"title": "",
		"class": "",
		"colspan": "",
		"rowspan": "",
		"content": ""
	}
}, {
	"id": 14,
	"class": "row13",
	"first": {
		"id": "",
		"title": "",
		"class": "column0 style2 s",
		"colspan": "",
		"rowspan": "",
		"content": "02.03.06"
	},
	"second": {
		"id": "",
		"title": "",
		"class": "column1 style2 s",
		"colspan": "",
		"rowspan": "",
		"content": "02.03.11"
	},
	"third": {
		"id": "14",
		"title": "جراحی- A",
		"class": "column2 style67 s style94",
		"colspan": "4",
		"rowspan": "8",
		"content": "جراحی"
	},
	"forth": {
		"id": "15",
		"title": "ارولوژی-اول- B",
		"class": "column6 style85 s style82",
		"colspan": "2",
		"rowspan": "4",
		"content": "ارولوژی-اول "
	},
	"fifth": {
		"id": "16",
		"title": "ارتوپدی-اول- B",
		"class": "column8 style83 s style80",
		"colspan": "2",
		"rowspan": "4",
		"content": "ارتوپدی-اول"
	},
	"sixth": {
		"id": "",
		"title": "",
		"class": "",
		"colspan": "",
		"rowspan": "",
		"content": ""
	},
	"seventh": {
		"id": "",
		"title": "",
		"class": "",
		"colspan": "",
		"rowspan": "",
		"content": ""
	}
}, {
	"id": 15,
	"class": "row14",
	"first": {
		"id": "",
		"title": "",
		"class": "column0 style1 s",
		"colspan": "",
		"rowspan": "",
		"content": "02.03.13"
	},
	"second": {
		"id": "",
		"title": "",
		"class": "column1 style1 s",
		"colspan": "",
		"rowspan": "",
		"content": "02.03.18"
	},
	"third": {
		"id": "",
		"title": "",
		"class": "",
		"colspan": "",
		"rowspan": "",
		"content": ""
	},
	"forth": {
		"id": "",
		"title": "",
		"class": "",
		"colspan": "",
		"rowspan": "",
		"content": ""
	},
	"fifth": {
		"id": "",
		"title": "",
		"class": "",
		"colspan": "",
		"rowspan": "",
		"content": ""
	},
	"sixth": {
		"id": "",
		"title": "",
		"class": "",
		"colspan": "",
		"rowspan": "",
		"content": ""
	},
	"seventh": {
		"id": "",
		"title": "",
		"class": "",
		"colspan": "",
		"rowspan": "",
		"content": ""
	}
}, {
	"id": 16,
	"class": "row15",
	"first": {
		"id": "",
		"title": "",
		"class": "column0 style1 s",
		"colspan": "",
		"rowspan": "",
		"content": "02.03.20"
	},
	"second": {
		"id": "",
		"title": "",
		"class": "column1 style1 s",
		"colspan": "",
		"rowspan": "",
		"content": "02.03.25"
	},
	"third": {
		"id": "",
		"title": "",
		"class": "",
		"colspan": "",
		"rowspan": "",
		"content": ""
	},
	"forth": {
		"id": "",
		"title": "",
		"class": "",
		"colspan": "",
		"rowspan": "",
		"content": ""
	},
	"fifth": {
		"id": "",
		"title": "",
		"class": "",
		"colspan": "",
		"rowspan": "",
		"content": ""
	},
	"sixth": {
		"id": "",
		"title": "",
		"class": "",
		"colspan": "",
		"rowspan": "",
		"content": ""
	},
	"seventh": {
		"id": "",
		"title": "",
		"class": "",
		"colspan": "",
		"rowspan": "",
		"content": ""
	}
}, {
	"id": 17,
	"class": "row16",
	"first": {
		"id": "",
		"title": "",
		"class": "column0 style1 s",
		"colspan": "",
		"rowspan": "",
		"content": "02.03.27"
	},
	"second": {
		"id": "",
		"title": "",
		"class": "column1 style1 s",
		"colspan": "",
		"rowspan": "",
		"content": "02.04.01"
	},
	"third": {
		"id": "",
		"title": "",
		"class": "",
		"colspan": "",
		"rowspan": "",
		"content": ""
	},
	"forth": {
		"id": "",
		"title": "",
		"class": "",
		"colspan": "",
		"rowspan": "",
		"content": ""
	},
	"fifth": {
		"id": "",
		"title": "",
		"class": "",
		"colspan": "",
		"rowspan": "",
		"content": ""
	},
	"sixth": {
		"id": "",
		"title": "",
		"class": "",
		"colspan": "",
		"rowspan": "",
		"content": ""
	},
	"seventh": {
		"id": "",
		"title": "",
		"class": "",
		"colspan": "",
		"rowspan": "",
		"content": ""
	}
}, {
	"id": 18,
	"class": "row17",
	"first": {
		"id": "",
		"title": "",
		"class": "column0 style1 s",
		"colspan": "",
		"rowspan": "",
		"content": "02.04.03"
	},
	"second": {
		"id": "",
		"title": "",
		"class": "column1 style1 s",
		"colspan": "",
		"rowspan": "",
		"content": "02.04.08"
	},
	"third": {
		"id": "17",
		"title": "ارتوپدی-دوم- B",
		"class": "column6 style83 s style80",
		"colspan": "2",
		"rowspan": "4",
		"content": "ارتوپدی-دوم"
	},
	"forth": {
		"id": "18",
		"title": "ارولوژی-دوم - B",
		"class": "column8 style85 s style82",
		"colspan": "2",
		"rowspan": "4",
		"content": "ارولوژی-دوم "
	},
	"fifth": {
		"id": "",
		"title": "",
		"class": "column10 style13 s style15",
		"colspan": "4",
		"rowspan": "",
		"content": "آزمون داخلی"
	},
	"sixth": {
		"id": "",
		"title": "",
		"class": "column14 style13 s style15",
		"colspan": "4",
		"rowspan": "",
		"content": "آزمون داخلی"
	},
	"seventh": {
		"id": "",
		"title": "",
		"class": "",
		"colspan": "",
		"rowspan": "",
		"content": ""
	}
}, {
	"id": 19,
	"class": "row18",
	"first": {
		"id": "",
		"title": "",
		"class": "column0 style1 s",
		"colspan": "",
		"rowspan": "",
		"content": "02.04.10"
	},
	"second": {
		"id": "",
		"title": "",
		"class": "column1 style1 s",
		"colspan": "",
		"rowspan": "",
		"content": "02.04.15"
	},
	"third": {
		"id": "19",
		"title": "اخلاق پزشکی - C",
		"class": "column10 style16 s style6",
		"colspan": "4",
		"rowspan": "2",
		"content": "اخلاق پزشکی "
	},
	"forth": {
		"id": "20",
		"title": "رادیولوژی - D",
		"class": "column14 style16 s style6",
		"colspan": "4",
		"rowspan": "2",
		"content": "رادیولوژی "
	},
	"fifth": {
		"id": "",
		"title": "",
		"class": "",
		"colspan": "",
		"rowspan": "",
		"content": ""
	},
	"sixth": {
		"id": "",
		"title": "",
		"class": "",
		"colspan": "",
		"rowspan": "",
		"content": ""
	},
	"seventh": {
		"id": "",
		"title": "",
		"class": "",
		"colspan": "",
		"rowspan": "",
		"content": ""
	}
}, {
	"id": 20,
	"class": "row19",
	"first": {
		"id": "",
		"title": "",
		"class": "column0 style1 s",
		"colspan": "",
		"rowspan": "",
		"content": "02.04.17"
	},
	"second": {
		"id": "",
		"title": "",
		"class": "column1 style1 s",
		"colspan": "",
		"rowspan": "",
		"content": "02.04.22"
	},
	"third": {
		"id": "",
		"title": "",
		"class": "",
		"colspan": "",
		"rowspan": "",
		"content": ""
	},
	"forth": {
		"id": "",
		"title": "",
		"class": "",
		"colspan": "",
		"rowspan": "",
		"content": ""
	},
	"fifth": {
		"id": "",
		"title": "",
		"class": "",
		"colspan": "",
		"rowspan": "",
		"content": ""
	},
	"sixth": {
		"id": "",
		"title": "",
		"class": "",
		"colspan": "",
		"rowspan": "",
		"content": ""
	},
	"seventh": {
		"id": "",
		"title": "",
		"class": "",
		"colspan": "",
		"rowspan": "",
		"content": ""
	}
}, {
	"id": 21,
	"class": "row20",
	"first": {
		"id": "",
		"title": "",
		"class": "column0 style1 s",
		"colspan": "",
		"rowspan": "",
		"content": "02.04.24"
	},
	"second": {
		"id": "",
		"title": "",
		"class": "column1 style1 s",
		"colspan": "",
		"rowspan": "",
		"content": "02.04.29"
	},
	"third": {
		"id": "21",
		"title": "رادیولوژی - C",
		"class": "column10 style16 s style6",
		"colspan": "4",
		"rowspan": "2",
		"content": "رادیولوژی "
	},
	"forth": {
		"id": "22",
		"title": "اخلاق پزشکی - D",
		"class": "column14 style16 s style6",
		"colspan": "4",
		"rowspan": "2",
		"content": "اخلاق پزشکی "
	},
	"fifth": {
		"id": "",
		"title": "",
		"class": "",
		"colspan": "",
		"rowspan": "",
		"content": ""
	},
	"sixth": {
		"id": "",
		"title": "",
		"class": "",
		"colspan": "",
		"rowspan": "",
		"content": ""
	},
	"seventh": {
		"id": "",
		"title": "",
		"class": "",
		"colspan": "",
		"rowspan": "",
		"content": ""
	}
}, {
	"id": 22,
	"class": "row21",
	"first": {
		"id": "",
		"title": "",
		"class": "column0 style1 s",
		"colspan": "",
		"rowspan": "",
		"content": "02.04.31"
	},
	"second": {
		"id": "",
		"title": "",
		"class": "column1 style1 s",
		"colspan": "",
		"rowspan": "",
		"content": "02.05.05"
	},
	"third": {
		"id": "",
		"title": "",
		"class": "column2 style13 s style14",
		"colspan": "4",
		"rowspan": "",
		"content": "آزمون ارتوپدی و ارولوژی"
	},
	"forth": {
		"id": "",
		"title": "",
		"class": "column6 style13 s style14",
		"colspan": "4",
		"rowspan": "",
		"content": "آزمون ارتوپدی و ارولوژی"
	},
	"fifth": {
		"id": "",
		"title": "",
		"class": "",
		"colspan": "",
		"rowspan": "",
		"content": ""
	},
	"sixth": {
		"id": "",
		"title": "",
		"class": "",
		"colspan": "",
		"rowspan": "",
		"content": ""
	},
	"seventh": {
		"id": "",
		"title": "",
		"class": "",
		"colspan": "",
		"rowspan": "",
		"content": ""
	}
}, {
	"id": 23,
	"class": "row22",
	"first": {
		"id": "",
		"title": "",
		"class": "column0 style1 s",
		"colspan": "",
		"rowspan": "",
		"content": "02.05.07"
	},
	"second": {
		"id": "",
		"title": "",
		"class": "column1 style1 s",
		"colspan": "",
		"rowspan": "",
		"content": "02.05.12"
	},
	"third": {
		"id": "",
		"title": "",
		"class": "column2 style13 s style14",
		"colspan": "4",
		"rowspan": "",
		"content": "آزمون جراحی و جراحی اعصاب"
	},
	"forth": {
		"id": "",
		"title": "",
		"class": "column6 style13 s style14",
		"colspan": "4",
		"rowspan": "",
		"content": "آزمون جراحی و جراحی اعصاب"
	},
	"fifth": {
		"id": "",
		"title": "",
		"class": "column10 style13 s style14",
		"colspan": "4",
		"rowspan": "",
		"content": "آزمون اخلاق پزشکی و رادیولوژی"
	},
	"sixth": {
		"id": "",
		"title": "",
		"class": "column14 style13 s style14",
		"colspan": "4",
		"rowspan": "",
		"content": "آزمون اخلاق پزشکی و رادیولوژی"
	},
	"seventh": {
		"id": "",
		"title": "",
		"class": "",
		"colspan": "",
		"rowspan": "",
		"content": ""
	}
}, {
	"id": 24,
	"class": "row23",
	"first": {
		"id": "",
		"title": "",
		"class": "column0 style1 s",
		"colspan": "",
		"rowspan": "",
		"content": "02.05.14"
	},
	"second": {
		"id": "",
		"title": "",
		"class": "column1 style1 s",
		"colspan": "",
		"rowspan": "",
		"content": "02.05.19"
	},
	"third": {
		"id": "23",
		"title": "طب سنتی- A",
		"class": "column2 style35 s style74",
		"colspan": "4",
		"rowspan": "",
		"content": "طب سنتی"
	},
	"forth": {
		"id": "24",
		"title": "طب سنتی- B",
		"class": "column6 style35 s style74",
		"colspan": "4",
		"rowspan": "",
		"content": "طب سنتی"
	},
	"fifth": {
		"id": "25",
		"title": "جراحی- C",
		"class": "column10 style67 s style94",
		"colspan": "4",
		"rowspan": "8",
		"content": "جراحی"
	},
	"sixth": {
		"id": "26",
		"title": "ارتوپدی-اول- D",
		"class": "column14 style65 s style62",
		"colspan": "2",
		"rowspan": "4",
		"content": "ارتوپدی-اول"
	},
	"seventh": {
		"id": "27",
		"title": "ارولوژی-اول- D",
		"class": "column16 style63 s style60",
		"colspan": "2",
		"rowspan": "4",
		"content": "ارولوژی-اول "
	}
}, {
	"id": 25,
	"class": "row24",
	"first": {
		"id": "",
		"title": "",
		"class": "column0 style1 s",
		"colspan": "",
		"rowspan": "",
		"content": "02.05.21"
	},
	"second": {
		"id": "",
		"title": "",
		"class": "column1 style1 s",
		"colspan": "",
		"rowspan": "",
		"content": "02.05.26"
	},
	"third": {
		"id": "28",
		"title": "بیهوشی / طب اورژانس/ چشم-اول- A",
		"class": "column2 style45 s style50",
		"colspan": "4",
		"rowspan": "2",
		"content": "بیهوشی / طب اورژانس/ چشم-اول"
	},
	"forth": {
		"id": "29",
		"title": "بیهوشی / طب اورژانس/ چشم-اول- B",
		"class": "column6 style45 s style50",
		"colspan": "4",
		"rowspan": "2",
		"content": "بیهوشی / طب اورژانس/ چشم-اول"
	},
	"fifth": {
		"id": "",
		"title": "",
		"class": "",
		"colspan": "",
		"rowspan": "",
		"content": ""
	},
	"sixth": {
		"id": "",
		"title": "",
		"class": "",
		"colspan": "",
		"rowspan": "",
		"content": ""
	},
	"seventh": {
		"id": "",
		"title": "",
		"class": "",
		"colspan": "",
		"rowspan": "",
		"content": ""
	}
}, {
	"id": 26,
	"class": "row25",
	"first": {
		"id": "",
		"title": "",
		"class": "column0 style1 s",
		"colspan": "",
		"rowspan": "",
		"content": "02.05.28"
	},
	"second": {
		"id": "",
		"title": "",
		"class": "column1 style1 s",
		"colspan": "",
		"rowspan": "",
		"content": "02.06.02"
	},
	"third": {
		"id": "",
		"title": "",
		"class": "",
		"colspan": "",
		"rowspan": "",
		"content": ""
	},
	"forth": {
		"id": "",
		"title": "",
		"class": "",
		"colspan": "",
		"rowspan": "",
		"content": ""
	},
	"fifth": {
		"id": "",
		"title": "",
		"class": "",
		"colspan": "",
		"rowspan": "",
		"content": ""
	},
	"sixth": {
		"id": "",
		"title": "",
		"class": "",
		"colspan": "",
		"rowspan": "",
		"content": ""
	},
	"seventh": {
		"id": "",
		"title": "",
		"class": "",
		"colspan": "",
		"rowspan": "",
		"content": ""
	}
}, {
	"id": 27,
	"class": "row26",
	"first": {
		"id": "",
		"title": "",
		"class": "column0 style1 s",
		"colspan": "",
		"rowspan": "",
		"content": "02.06.04"
	},
	"second": {
		"id": "",
		"title": "",
		"class": "column1 style1 s",
		"colspan": "",
		"rowspan": "",
		"content": "02.06.09"
	},
	"third": {
		"id": "30",
		"title": "داخلی- A",
		"class": "column2 style70 s style100",
		"colspan": "4",
		"rowspan": "16",
		"content": "داخلی"
	},
	"forth": {
		"id": "31",
		"title": "داخلی- B",
		"class": "column6 style70 s style100",
		"colspan": "4",
		"rowspan": "16",
		"content": "داخلی"
	},
	"fifth": {
		"id": "",
		"title": "",
		"class": "",
		"colspan": "",
		"rowspan": "",
		"content": ""
	},
	"sixth": {
		"id": "",
		"title": "",
		"class": "",
		"colspan": "",
		"rowspan": "",
		"content": ""
	},
	"seventh": {
		"id": "",
		"title": "",
		"class": "",
		"colspan": "",
		"rowspan": "",
		"content": ""
	}
}, {
	"id": 28,
	"class": "row27",
	"first": {
		"id": "",
		"title": "",
		"class": "column0 style1 s",
		"colspan": "",
		"rowspan": "",
		"content": "02.06.11"
	},
	"second": {
		"id": "",
		"title": "",
		"class": "column1 style1 s",
		"colspan": "",
		"rowspan": "",
		"content": "02.06.16"
	},
	"third": {
		"id": "32",
		"title": "ارولوژی-دوم - D",
		"class": "column14 style63 s style60",
		"colspan": "2",
		"rowspan": "4",
		"content": "ارولوژی-دوم "
	},
	"forth": {
		"id": "33",
		"title": "ارتوپدی-دوم- D",
		"class": "column16 style65 s style62",
		"colspan": "2",
		"rowspan": "4",
		"content": "ارتوپدی-دوم"
	},
	"fifth": {
		"id": "",
		"title": "",
		"class": "",
		"colspan": "",
		"rowspan": "",
		"content": ""
	},
	"sixth": {
		"id": "",
		"title": "",
		"class": "",
		"colspan": "",
		"rowspan": "",
		"content": ""
	},
	"seventh": {
		"id": "",
		"title": "",
		"class": "",
		"colspan": "",
		"rowspan": "",
		"content": ""
	}
}, {
	"id": 29,
	"class": "row28",
	"first": {
		"id": "",
		"title": "",
		"class": "column0 style1 s",
		"colspan": "",
		"rowspan": "",
		"content": "02.06.18"
	},
	"second": {
		"id": "",
		"title": "",
		"class": "column1 style1 s",
		"colspan": "",
		"rowspan": "",
		"content": "02.06.23"
	},
	"third": {
		"id": "",
		"title": "",
		"class": "",
		"colspan": "",
		"rowspan": "",
		"content": ""
	},
	"forth": {
		"id": "",
		"title": "",
		"class": "",
		"colspan": "",
		"rowspan": "",
		"content": ""
	},
	"fifth": {
		"id": "",
		"title": "",
		"class": "",
		"colspan": "",
		"rowspan": "",
		"content": ""
	},
	"sixth": {
		"id": "",
		"title": "",
		"class": "",
		"colspan": "",
		"rowspan": "",
		"content": ""
	},
	"seventh": {
		"id": "",
		"title": "",
		"class": "",
		"colspan": "",
		"rowspan": "",
		"content": ""
	}
}, {
	"id": 30,
	"class": "row29",
	"first": {
		"id": "",
		"title": "",
		"class": "column0 style1 s",
		"colspan": "",
		"rowspan": "",
		"content": "02.06.25"
	},
	"second": {
		"id": "",
		"title": "",
		"class": "column1 style1 s",
		"colspan": "",
		"rowspan": "",
		"content": "02.06.30"
	},
	"third": {
		"id": "",
		"title": "",
		"class": "",
		"colspan": "",
		"rowspan": "",
		"content": ""
	},
	"forth": {
		"id": "",
		"title": "",
		"class": "",
		"colspan": "",
		"rowspan": "",
		"content": ""
	},
	"fifth": {
		"id": "",
		"title": "",
		"class": "",
		"colspan": "",
		"rowspan": "",
		"content": ""
	},
	"sixth": {
		"id": "",
		"title": "",
		"class": "",
		"colspan": "",
		"rowspan": "",
		"content": ""
	},
	"seventh": {
		"id": "",
		"title": "",
		"class": "",
		"colspan": "",
		"rowspan": "",
		"content": ""
	}
}, {
	"id": 31,
	"class": "row30",
	"first": {
		"id": "",
		"title": "",
		"class": "column0 style1 s",
		"colspan": "",
		"rowspan": "",
		"content": "02.07.01"
	},
	"second": {
		"id": "",
		"title": "",
		"class": "column1 style1 s",
		"colspan": "",
		"rowspan": "",
		"content": "02.07.06"
	},
	"third": {
		"id": "",
		"title": "",
		"class": "",
		"colspan": "",
		"rowspan": "",
		"content": ""
	},
	"forth": {
		"id": "",
		"title": "",
		"class": "",
		"colspan": "",
		"rowspan": "",
		"content": ""
	},
	"fifth": {
		"id": "",
		"title": "",
		"class": "",
		"colspan": "",
		"rowspan": "",
		"content": ""
	},
	"sixth": {
		"id": "",
		"title": "",
		"class": "",
		"colspan": "",
		"rowspan": "",
		"content": ""
	},
	"seventh": {
		"id": "",
		"title": "",
		"class": "",
		"colspan": "",
		"rowspan": "",
		"content": ""
	}
}, {
	"id": 32,
	"class": "row31",
	"first": {
		"id": "",
		"title": "",
		"class": "column0 style1 s",
		"colspan": "",
		"rowspan": "",
		"content": "02.07.08"
	},
	"second": {
		"id": "",
		"title": "",
		"class": "column1 style1 s",
		"colspan": "",
		"rowspan": "",
		"content": "02.07.13"
	},
	"third": {
		"id": "34",
		"title": "ارتوپدی-اول- C",
		"class": "column10 style65 s style62",
		"colspan": "2",
		"rowspan": "4",
		"content": "ارتوپدی-اول"
	},
	"forth": {
		"id": "35",
		"title": "ارولوژی-اول- C",
		"class": "column12 style63 s style60",
		"colspan": "2",
		"rowspan": "4",
		"content": "ارولوژی-اول "
	},
	"fifth": {
		"id": "36",
		"title": "جراحی- D",
		"class": "column14 style67 s style94",
		"colspan": "4",
		"rowspan": "8",
		"content": "جراحی"
	},
	"sixth": {
		"id": "",
		"title": "",
		"class": "",
		"colspan": "",
		"rowspan": "",
		"content": ""
	},
	"seventh": {
		"id": "",
		"title": "",
		"class": "",
		"colspan": "",
		"rowspan": "",
		"content": ""
	}
}, {
	"id": 33,
	"class": "row32",
	"first": {
		"id": "",
		"title": "",
		"class": "column0 style1 s",
		"colspan": "",
		"rowspan": "",
		"content": "02.07.15"
	},
	"second": {
		"id": "",
		"title": "",
		"class": "column1 style1 s",
		"colspan": "",
		"rowspan": "",
		"content": "02.07.20"
	},
	"third": {
		"id": "",
		"title": "",
		"class": "",
		"colspan": "",
		"rowspan": "",
		"content": ""
	},
	"forth": {
		"id": "",
		"title": "",
		"class": "",
		"colspan": "",
		"rowspan": "",
		"content": ""
	},
	"fifth": {
		"id": "",
		"title": "",
		"class": "",
		"colspan": "",
		"rowspan": "",
		"content": ""
	},
	"sixth": {
		"id": "",
		"title": "",
		"class": "",
		"colspan": "",
		"rowspan": "",
		"content": ""
	},
	"seventh": {
		"id": "",
		"title": "",
		"class": "",
		"colspan": "",
		"rowspan": "",
		"content": ""
	}
}, {
	"id": 34,
	"class": "row33",
	"first": {
		"id": "",
		"title": "",
		"class": "column0 style1 s",
		"colspan": "",
		"rowspan": "",
		"content": "02.07.22"
	},
	"second": {
		"id": "",
		"title": "",
		"class": "column1 style1 s",
		"colspan": "",
		"rowspan": "",
		"content": "02.07.27"
	},
	"third": {
		"id": "",
		"title": "",
		"class": "",
		"colspan": "",
		"rowspan": "",
		"content": ""
	},
	"forth": {
		"id": "",
		"title": "",
		"class": "",
		"colspan": "",
		"rowspan": "",
		"content": ""
	},
	"fifth": {
		"id": "",
		"title": "",
		"class": "",
		"colspan": "",
		"rowspan": "",
		"content": ""
	},
	"sixth": {
		"id": "",
		"title": "",
		"class": "",
		"colspan": "",
		"rowspan": "",
		"content": ""
	},
	"seventh": {
		"id": "",
		"title": "",
		"class": "",
		"colspan": "",
		"rowspan": "",
		"content": ""
	}
}, {
	"id": 35,
	"class": "row34",
	"first": {
		"id": "",
		"title": "",
		"class": "column0 style1 s",
		"colspan": "",
		"rowspan": "",
		"content": "02.07.29"
	},
	"second": {
		"id": "",
		"title": "",
		"class": "column1 style1 s",
		"colspan": "",
		"rowspan": "",
		"content": "02.08.04"
	},
	"third": {
		"id": "",
		"title": "",
		"class": "",
		"colspan": "",
		"rowspan": "",
		"content": ""
	},
	"forth": {
		"id": "",
		"title": "",
		"class": "",
		"colspan": "",
		"rowspan": "",
		"content": ""
	},
	"fifth": {
		"id": "",
		"title": "",
		"class": "",
		"colspan": "",
		"rowspan": "",
		"content": ""
	},
	"sixth": {
		"id": "",
		"title": "",
		"class": "",
		"colspan": "",
		"rowspan": "",
		"content": ""
	},
	"seventh": {
		"id": "",
		"title": "",
		"class": "",
		"colspan": "",
		"rowspan": "",
		"content": ""
	}
}, {
	"id": 36,
	"class": "row35",
	"first": {
		"id": "",
		"title": "",
		"class": "column0 style1 s",
		"colspan": "",
		"rowspan": "",
		"content": "02.08.06"
	},
	"second": {
		"id": "",
		"title": "",
		"class": "column1 style1 s",
		"colspan": "",
		"rowspan": "",
		"content": "02.08.11"
	},
	"third": {
		"id": "37",
		"title": "ارولوژی-دوم - C",
		"class": "column10 style63 s style60",
		"colspan": "2",
		"rowspan": "4",
		"content": "ارولوژی-دوم "
	},
	"forth": {
		"id": "38",
		"title": "ارتوپدی-دوم- C",
		"class": "column12 style65 s style62",
		"colspan": "2",
		"rowspan": "4",
		"content": "ارتوپدی-دوم"
	},
	"fifth": {
		"id": "",
		"title": "",
		"class": "",
		"colspan": "",
		"rowspan": "",
		"content": ""
	},
	"sixth": {
		"id": "",
		"title": "",
		"class": "",
		"colspan": "",
		"rowspan": "",
		"content": ""
	},
	"seventh": {
		"id": "",
		"title": "",
		"class": "",
		"colspan": "",
		"rowspan": "",
		"content": ""
	}
}, {
	"id": 37,
	"class": "row36",
	"first": {
		"id": "",
		"title": "",
		"class": "column0 style1 s",
		"colspan": "",
		"rowspan": "",
		"content": "02.08.13"
	},
	"second": {
		"id": "",
		"title": "",
		"class": "column1 style1 s",
		"colspan": "",
		"rowspan": "",
		"content": "02.08.18"
	},
	"third": {
		"id": "",
		"title": "",
		"class": "",
		"colspan": "",
		"rowspan": "",
		"content": ""
	},
	"forth": {
		"id": "",
		"title": "",
		"class": "",
		"colspan": "",
		"rowspan": "",
		"content": ""
	},
	"fifth": {
		"id": "",
		"title": "",
		"class": "",
		"colspan": "",
		"rowspan": "",
		"content": ""
	},
	"sixth": {
		"id": "",
		"title": "",
		"class": "",
		"colspan": "",
		"rowspan": "",
		"content": ""
	},
	"seventh": {
		"id": "",
		"title": "",
		"class": "",
		"colspan": "",
		"rowspan": "",
		"content": ""
	}
}, {
	"id": 38,
	"class": "row37",
	"first": {
		"id": "",
		"title": "",
		"class": "column0 style1 s",
		"colspan": "",
		"rowspan": "",
		"content": "02.08.20"
	},
	"second": {
		"id": "",
		"title": "",
		"class": "column1 style1 s",
		"colspan": "",
		"rowspan": "",
		"content": "02.08.25"
	},
	"third": {
		"id": "",
		"title": "",
		"class": "",
		"colspan": "",
		"rowspan": "",
		"content": ""
	},
	"forth": {
		"id": "",
		"title": "",
		"class": "",
		"colspan": "",
		"rowspan": "",
		"content": ""
	},
	"fifth": {
		"id": "",
		"title": "",
		"class": "",
		"colspan": "",
		"rowspan": "",
		"content": ""
	},
	"sixth": {
		"id": "",
		"title": "",
		"class": "",
		"colspan": "",
		"rowspan": "",
		"content": ""
	},
	"seventh": {
		"id": "",
		"title": "",
		"class": "",
		"colspan": "",
		"rowspan": "",
		"content": ""
	}
}, {
	"id": 39,
	"class": "row38",
	"first": {
		"id": "",
		"title": "",
		"class": "column0 style1 s",
		"colspan": "",
		"rowspan": "",
		"content": "02.08.27"
	},
	"second": {
		"id": "",
		"title": "",
		"class": "column1 style1 s",
		"colspan": "",
		"rowspan": "",
		"content": "02.09.02"
	},
	"third": {
		"id": "",
		"title": "",
		"class": "",
		"colspan": "",
		"rowspan": "",
		"content": ""
	},
	"forth": {
		"id": "",
		"title": "",
		"class": "",
		"colspan": "",
		"rowspan": "",
		"content": ""
	},
	"fifth": {
		"id": "",
		"title": "",
		"class": "",
		"colspan": "",
		"rowspan": "",
		"content": ""
	},
	"sixth": {
		"id": "",
		"title": "",
		"class": "",
		"colspan": "",
		"rowspan": "",
		"content": ""
	},
	"seventh": {
		"id": "",
		"title": "",
		"class": "",
		"colspan": "",
		"rowspan": "",
		"content": ""
	}
}, {
	"id": 40,
	"class": "row39",
	"first": {
		"id": "",
		"title": "",
		"class": "column0 style1 s",
		"colspan": "",
		"rowspan": "",
		"content": "02.09.04"
	},
	"second": {
		"id": "",
		"title": "",
		"class": "column1 style1 s",
		"colspan": "",
		"rowspan": "",
		"content": "02.09.09"
	},
	"third": {
		"id": "",
		"title": "",
		"class": "column10 style13 s style14",
		"colspan": "4",
		"rowspan": "",
		"content": "آزمون ارتوپدی و ارولوژی"
	},
	"forth": {
		"id": "",
		"title": "",
		"class": "column14 style13 s style14",
		"colspan": "4",
		"rowspan": "",
		"content": "آزمون ارتوپدی و ارولوژی"
	},
	"fifth": {
		"id": "",
		"title": "",
		"class": "",
		"colspan": "",
		"rowspan": "",
		"content": ""
	},
	"sixth": {
		"id": "",
		"title": "",
		"class": "",
		"colspan": "",
		"rowspan": "",
		"content": ""
	},
	"seventh": {
		"id": "",
		"title": "",
		"class": "",
		"colspan": "",
		"rowspan": "",
		"content": ""
	}
}, {
	"id": 41,
	"class": "row40",
	"first": {
		"id": "",
		"title": "",
		"class": "column0 style1 s",
		"colspan": "",
		"rowspan": "",
		"content": "02.09.11"
	},
	"second": {
		"id": "",
		"title": "",
		"class": "column1 style1 s",
		"colspan": "",
		"rowspan": "",
		"content": "02.09.16"
	},
	"third": {
		"id": "",
		"title": "",
		"class": "column10 style13 s style14",
		"colspan": "4",
		"rowspan": "",
		"content": "آزمون جراحی و جراحی اعصاب"
	},
	"forth": {
		"id": "",
		"title": "",
		"class": "column14 style13 s style14",
		"colspan": "4",
		"rowspan": "",
		"content": "آزمون جراحی و جراحی اعصاب"
	},
	"fifth": {
		"id": "",
		"title": "",
		"class": "",
		"colspan": "",
		"rowspan": "",
		"content": ""
	},
	"sixth": {
		"id": "",
		"title": "",
		"class": "",
		"colspan": "",
		"rowspan": "",
		"content": ""
	},
	"seventh": {
		"id": "",
		"title": "",
		"class": "",
		"colspan": "",
		"rowspan": "",
		"content": ""
	}
}, {
	"id": 42,
	"class": "row41",
	"first": {
		"id": "",
		"title": "",
		"class": "column0 style1 s",
		"colspan": "",
		"rowspan": "",
		"content": "02.09.18"
	},
	"second": {
		"id": "",
		"title": "",
		"class": "column1 style1 s",
		"colspan": "",
		"rowspan": "",
		"content": "02.09.23"
	},
	"third": {
		"id": "39",
		"title": "زنان- C",
		"class": "column10 style29 s style107",
		"colspan": "4",
		"rowspan": "8",
		"content": "زنان"
	},
	"forth": {
		"id": "40",
		"title": "بیهوشی / طب اورژانس/ چشم-اول- D",
		"class": "column14 style45 s style50",
		"colspan": "4",
		"rowspan": "2",
		"content": "بیهوشی / طب اورژانس/ چشم-اول"
	},
	"fifth": {
		"id": "",
		"title": "",
		"class": "",
		"colspan": "",
		"rowspan": "",
		"content": ""
	},
	"sixth": {
		"id": "",
		"title": "",
		"class": "",
		"colspan": "",
		"rowspan": "",
		"content": ""
	},
	"seventh": {
		"id": "",
		"title": "",
		"class": "",
		"colspan": "",
		"rowspan": "",
		"content": ""
	}
}, {
	"id": 43,
	"class": "row42",
	"first": {
		"id": "",
		"title": "",
		"class": "column0 style1 s",
		"colspan": "",
		"rowspan": "",
		"content": "02.09.25"
	},
	"second": {
		"id": "",
		"title": "",
		"class": "column1 style1 s",
		"colspan": "",
		"rowspan": "",
		"content": "02.09.30"
	},
	"third": {
		"id": "",
		"title": "",
		"class": "column2 style13 s style15",
		"colspan": "4",
		"rowspan": "",
		"content": "آزمون داخلی"
	},
	"forth": {
		"id": "",
		"title": "",
		"class": "column6 style13 s style15",
		"colspan": "4",
		"rowspan": "",
		"content": "آزمون داخلی"
	},
	"fifth": {
		"id": "",
		"title": "",
		"class": "",
		"colspan": "",
		"rowspan": "",
		"content": ""
	},
	"sixth": {
		"id": "",
		"title": "",
		"class": "",
		"colspan": "",
		"rowspan": "",
		"content": ""
	},
	"seventh": {
		"id": "",
		"title": "",
		"class": "",
		"colspan": "",
		"rowspan": "",
		"content": ""
	}
}, {
	"id": 44,
	"class": "row43",
	"first": {
		"id": "",
		"title": "",
		"class": "column0 style1 s",
		"colspan": "",
		"rowspan": "",
		"content": "02.10.02"
	},
	"second": {
		"id": "",
		"title": "",
		"class": "column1 style1 s",
		"colspan": "",
		"rowspan": "",
		"content": "02.10.07"
	},
	"third": {
		"id": "41",
		"title": "اخلاق پزشکی - A",
		"class": "column2 style16 s style6",
		"colspan": "4",
		"rowspan": "2",
		"content": "اخلاق پزشکی "
	},
	"forth": {
		"id": "42",
		"title": "بیهوشی / طب اورژانس/ چشم-دوم- B",
		"class": "column6 style45 s style50",
		"colspan": "4",
		"rowspan": "2",
		"content": "بیهوشی / طب اورژانس/ چشم-دوم"
	},
	"fifth": {
		"id": "43",
		"title": "بهداشت/پوست/ENT-اول- D",
		"class": "column14 style22 s style12",
		"colspan": "4",
		"rowspan": "4",
		"content": "بهداشت/پوست/ENT-اول"
	},
	"sixth": {
		"id": "",
		"title": "",
		"class": "",
		"colspan": "",
		"rowspan": "",
		"content": ""
	},
	"seventh": {
		"id": "",
		"title": "",
		"class": "",
		"colspan": "",
		"rowspan": "",
		"content": ""
	}
}, {
	"id": 45,
	"class": "row44",
	"first": {
		"id": "",
		"title": "",
		"class": "column0 style1 s",
		"colspan": "",
		"rowspan": "",
		"content": "02.10.09"
	},
	"second": {
		"id": "",
		"title": "",
		"class": "column1 style1 s",
		"colspan": "",
		"rowspan": "",
		"content": "02.10.14"
	},
	"third": {
		"id": "",
		"title": "",
		"class": "",
		"colspan": "",
		"rowspan": "",
		"content": ""
	},
	"forth": {
		"id": "",
		"title": "",
		"class": "",
		"colspan": "",
		"rowspan": "",
		"content": ""
	},
	"fifth": {
		"id": "",
		"title": "",
		"class": "",
		"colspan": "",
		"rowspan": "",
		"content": ""
	},
	"sixth": {
		"id": "",
		"title": "",
		"class": "",
		"colspan": "",
		"rowspan": "",
		"content": ""
	},
	"seventh": {
		"id": "",
		"title": "",
		"class": "",
		"colspan": "",
		"rowspan": "",
		"content": ""
	}
}, {
	"id": 46,
	"class": "row45",
	"first": {
		"id": "",
		"title": "",
		"class": "column0 style1 s",
		"colspan": "",
		"rowspan": "",
		"content": "02.10.16"
	},
	"second": {
		"id": "",
		"title": "",
		"class": "column1 style1 s",
		"colspan": "",
		"rowspan": "",
		"content": "02.10.21"
	},
	"third": {
		"id": "44",
		"title": "بیهوشی / طب اورژانس/ چشم-دوم- A",
		"class": "column2 style45 s style50",
		"colspan": "4",
		"rowspan": "2",
		"content": "بیهوشی / طب اورژانس/ چشم-دوم"
	},
	"forth": {
		"id": "45",
		"title": "اخلاق پزشکی - B",
		"class": "column6 style16 s style6",
		"colspan": "4",
		"rowspan": "2",
		"content": "اخلاق پزشکی "
	},
	"fifth": {
		"id": "",
		"title": "",
		"class": "",
		"colspan": "",
		"rowspan": "",
		"content": ""
	},
	"sixth": {
		"id": "",
		"title": "",
		"class": "",
		"colspan": "",
		"rowspan": "",
		"content": ""
	},
	"seventh": {
		"id": "",
		"title": "",
		"class": "",
		"colspan": "",
		"rowspan": "",
		"content": ""
	}
}, {
	"id": 47,
	"class": "row46",
	"first": {
		"id": "",
		"title": "",
		"class": "column0 style1 s",
		"colspan": "",
		"rowspan": "",
		"content": "02.10.23"
	},
	"second": {
		"id": "",
		"title": "",
		"class": "column1 style1 s",
		"colspan": "",
		"rowspan": "",
		"content": "02.10.28"
	},
	"third": {
		"id": "",
		"title": "",
		"class": "",
		"colspan": "",
		"rowspan": "",
		"content": ""
	},
	"forth": {
		"id": "",
		"title": "",
		"class": "",
		"colspan": "",
		"rowspan": "",
		"content": ""
	},
	"fifth": {
		"id": "",
		"title": "",
		"class": "",
		"colspan": "",
		"rowspan": "",
		"content": ""
	},
	"sixth": {
		"id": "",
		"title": "",
		"class": "",
		"colspan": "",
		"rowspan": "",
		"content": ""
	},
	"seventh": {
		"id": "",
		"title": "",
		"class": "",
		"colspan": "",
		"rowspan": "",
		"content": ""
	}
}, {
	"id": 48,
	"class": "row47",
	"first": {
		"id": "",
		"title": "",
		"class": "column0 style1 s",
		"colspan": "",
		"rowspan": "",
		"content": "02.10.30"
	},
	"second": {
		"id": "",
		"title": "",
		"class": "column1 style1 s",
		"colspan": "",
		"rowspan": "",
		"content": "02.11.05"
	},
	"third": {
		"id": "",
		"title": "",
		"class": "column2 style13 s style14",
		"colspan": "4",
		"rowspan": "",
		"content": "آزمون اخلاق پزشکی "
	},
	"forth": {
		"id": "",
		"title": "",
		"class": "column6 style13 s style14",
		"colspan": "4",
		"rowspan": "",
		"content": "آزمون اخلاق پزشکی "
	},
	"fifth": {
		"id": "46",
		"title": "بیهوشی / طب اورژانس/ چشم-دوم- D",
		"class": "column14 style45 s style50",
		"colspan": "4",
		"rowspan": "2",
		"content": "بیهوشی / طب اورژانس/ چشم-دوم"
	},
	"sixth": {
		"id": "",
		"title": "",
		"class": "",
		"colspan": "",
		"rowspan": "",
		"content": ""
	},
	"seventh": {
		"id": "",
		"title": "",
		"class": "",
		"colspan": "",
		"rowspan": "",
		"content": ""
	}
}, {
	"id": 49,
	"class": "row48",
	"first": {
		"id": "",
		"title": "",
		"class": "column0 style1 s",
		"colspan": "",
		"rowspan": "",
		"content": "02.11.07"
	},
	"second": {
		"id": "",
		"title": "",
		"class": "column1 style1 s",
		"colspan": "",
		"rowspan": "",
		"content": "02.11.12"
	},
	"third": {
		"id": "47",
		"title": "روانپزشکی / نورولوژی- A",
		"class": "column2 style42 s style44",
		"colspan": "4",
		"rowspan": "",
		"content": "روانپزشکی / نورولوژی"
	},
	"forth": {
		"id": "48",
		"title": "روانپزشکی / نورولوژی- B",
		"class": "column6 style52 s style44",
		"colspan": "4",
		"rowspan": "",
		"content": "روانپزشکی / نورولوژی"
	},
	"fifth": {
		"id": "",
		"title": "",
		"class": "",
		"colspan": "",
		"rowspan": "",
		"content": ""
	},
	"sixth": {
		"id": "",
		"title": "",
		"class": "",
		"colspan": "",
		"rowspan": "",
		"content": ""
	},
	"seventh": {
		"id": "",
		"title": "",
		"class": "",
		"colspan": "",
		"rowspan": "",
		"content": ""
	}
}, {
	"id": 50,
	"class": "row49",
	"first": {
		"id": "",
		"title": "",
		"class": "column0 style1 s",
		"colspan": "",
		"rowspan": "",
		"content": "02.11.14"
	},
	"second": {
		"id": "",
		"title": "",
		"class": "column1 style1 s",
		"colspan": "",
		"rowspan": "",
		"content": "02.11.19"
	},
	"third": {
		"id": "49",
		"title": "بیهوشی / طب اورژانس/ چشم-سوم- A",
		"class": "column2 style45 s style50",
		"colspan": "4",
		"rowspan": "2",
		"content": "بیهوشی / طب اورژانس/ چشم-سوم"
	},
	"forth": {
		"id": "50",
		"title": "بیهوشی / طب اورژانس/ چشم-سوم- B",
		"class": "column6 style45 s style50",
		"colspan": "4",
		"rowspan": "2",
		"content": "بیهوشی / طب اورژانس/ چشم-سوم"
	},
	"fifth": {
		"id": "51",
		"title": "کودکان- C",
		"class": "column10 style32 s style113",
		"colspan": "4",
		"rowspan": "12",
		"content": "کودکان"
	},
	"sixth": {
		"id": "52",
		"title": "زنان- D",
		"class": "column14 style29 s style107",
		"colspan": "4",
		"rowspan": "8",
		"content": "زنان"
	},
	"seventh": {
		"id": "",
		"title": "",
		"class": "",
		"colspan": "",
		"rowspan": "",
		"content": ""
	}
}, {
	"id": 51,
	"class": "row50",
	"first": {
		"id": "",
		"title": "",
		"class": "column0 style1 s",
		"colspan": "",
		"rowspan": "",
		"content": "02.11.21"
	},
	"second": {
		"id": "",
		"title": "",
		"class": "column1 style1 s",
		"colspan": "",
		"rowspan": "",
		"content": "02.11.26"
	},
	"third": {
		"id": "",
		"title": "",
		"class": "",
		"colspan": "",
		"rowspan": "",
		"content": ""
	},
	"forth": {
		"id": "",
		"title": "",
		"class": "",
		"colspan": "",
		"rowspan": "",
		"content": ""
	},
	"fifth": {
		"id": "",
		"title": "",
		"class": "",
		"colspan": "",
		"rowspan": "",
		"content": ""
	},
	"sixth": {
		"id": "",
		"title": "",
		"class": "",
		"colspan": "",
		"rowspan": "",
		"content": ""
	},
	"seventh": {
		"id": "",
		"title": "",
		"class": "",
		"colspan": "",
		"rowspan": "",
		"content": ""
	}
}, {
	"id": 52,
	"class": "row51",
	"first": {
		"id": "",
		"title": "",
		"class": "column0 style1 s",
		"colspan": "",
		"rowspan": "",
		"content": "02.11.28"
	},
	"second": {
		"id": "",
		"title": "",
		"class": "column1 style1 s",
		"colspan": "",
		"rowspan": "",
		"content": "02.12.03"
	},
	"third": {
		"id": "53",
		"title": "عفونی- A",
		"class": "column2 style38 s style40",
		"colspan": "4",
		"rowspan": "",
		"content": "عفونی"
	},
	"forth": {
		"id": "54",
		"title": "عفونی- B",
		"class": "column6 style91 s style40",
		"colspan": "4",
		"rowspan": "",
		"content": "عفونی"
	},
	"fifth": {
		"id": "",
		"title": "",
		"class": "",
		"colspan": "",
		"rowspan": "",
		"content": ""
	},
	"sixth": {
		"id": "",
		"title": "",
		"class": "",
		"colspan": "",
		"rowspan": "",
		"content": ""
	},
	"seventh": {
		"id": "",
		"title": "",
		"class": "",
		"colspan": "",
		"rowspan": "",
		"content": ""
	}
}, {
	"id": 53,
	"class": "row52",
	"first": {
		"id": "",
		"title": "",
		"class": "column0 style1 s",
		"colspan": "",
		"rowspan": "",
		"content": "02.12.05"
	},
	"second": {
		"id": "",
		"title": "",
		"class": "column1 style1 s",
		"colspan": "",
		"rowspan": "",
		"content": "02.12.10"
	},
	"third": {
		"id": "",
		"title": "",
		"class": "column2 style41 s style37",
		"colspan": "4",
		"rowspan": "",
		"content": "آزمون روانپزشکی و نورولوژی"
	},
	"forth": {
		"id": "",
		"title": "",
		"class": "column6 style51 s style37",
		"colspan": "4",
		"rowspan": "",
		"content": "آزمون روانپزشکی و نورولوژی"
	},
	"fifth": {
		"id": "",
		"title": "",
		"class": "",
		"colspan": "",
		"rowspan": "",
		"content": ""
	},
	"sixth": {
		"id": "",
		"title": "",
		"class": "",
		"colspan": "",
		"rowspan": "",
		"content": ""
	},
	"seventh": {
		"id": "",
		"title": "",
		"class": "",
		"colspan": "",
		"rowspan": "",
		"content": ""
	}
}, {
	"id": 54,
	"class": "row53",
	"first": {
		"id": "",
		"title": "",
		"class": "column0 style1 s",
		"colspan": "",
		"rowspan": "",
		"content": "02.12.12"
	},
	"second": {
		"id": "",
		"title": "",
		"class": "column1 style1 s",
		"colspan": "",
		"rowspan": "",
		"content": "02.12.17"
	},
	"third": {
		"id": "55",
		"title": "نورولوژی/روانپزشکی/عفونی-اول- A",
		"class": "column2 style19 s style9",
		"colspan": "4",
		"rowspan": "4",
		"content": "نورولوژی/روانپزشکی/عفونی-اول"
	},
	"forth": {
		"id": "56",
		"title": "نورولوژی/روانپزشکی/عفونی-اول- B",
		"class": "column6 style19 s style9",
		"colspan": "4",
		"rowspan": "4",
		"content": "نورولوژی/روانپزشکی/عفونی-اول"
	},
	"fifth": {
		"id": "",
		"title": "",
		"class": "",
		"colspan": "",
		"rowspan": "",
		"content": ""
	},
	"sixth": {
		"id": "",
		"title": "",
		"class": "",
		"colspan": "",
		"rowspan": "",
		"content": ""
	},
	"seventh": {
		"id": "",
		"title": "",
		"class": "",
		"colspan": "",
		"rowspan": "",
		"content": ""
	}
}, {
	"id": 55,
	"class": "row54",
	"first": {
		"id": "",
		"title": "",
		"class": "column0 style1 s",
		"colspan": "",
		"rowspan": "",
		"content": "02.12.19"
	},
	"second": {
		"id": "",
		"title": "",
		"class": "column1 style1 s",
		"colspan": "",
		"rowspan": "",
		"content": "02.12.24"
	},
	"third": {
		"id": "",
		"title": "",
		"class": "",
		"colspan": "",
		"rowspan": "",
		"content": ""
	},
	"forth": {
		"id": "",
		"title": "",
		"class": "",
		"colspan": "",
		"rowspan": "",
		"content": ""
	},
	"fifth": {
		"id": "",
		"title": "",
		"class": "",
		"colspan": "",
		"rowspan": "",
		"content": ""
	},
	"sixth": {
		"id": "",
		"title": "",
		"class": "",
		"colspan": "",
		"rowspan": "",
		"content": ""
	},
	"seventh": {
		"id": "",
		"title": "",
		"class": "",
		"colspan": "",
		"rowspan": "",
		"content": ""
	}
}, {
	"id": 56,
	"class": "row55",
	"first": {
		"id": "",
		"title": "",
		"class": "column0 style1 s",
		"colspan": "",
		"rowspan": "",
		"content": "02.12.26"
	},
	"second": {
		"id": "",
		"title": "",
		"class": "column1 style1 s",
		"colspan": "",
		"rowspan": "",
		"content": "02.12.29"
	},
	"third": {
		"id": "",
		"title": "",
		"class": "",
		"colspan": "",
		"rowspan": "",
		"content": ""
	},
	"forth": {
		"id": "",
		"title": "",
		"class": "",
		"colspan": "",
		"rowspan": "",
		"content": ""
	},
	"fifth": {
		"id": "",
		"title": "",
		"class": "",
		"colspan": "",
		"rowspan": "",
		"content": ""
	},
	"sixth": {
		"id": "",
		"title": "",
		"class": "",
		"colspan": "",
		"rowspan": "",
		"content": ""
	},
	"seventh": {
		"id": "",
		"title": "",
		"class": "",
		"colspan": "",
		"rowspan": "",
		"content": ""
	}
}, {
	"id": 57,
	"class": "row56",
	"first": {
		"id": "",
		"title": "",
		"class": "column0 style3 s",
		"colspan": "",
		"rowspan": "",
		"content": "03.01.18"
	},
	"second": {
		"id": "",
		"title": "",
		"class": "column1 style1 s",
		"colspan": "",
		"rowspan": "",
		"content": "03.01.23"
	},
	"third": {
		"id": "",
		"title": "",
		"class": "",
		"colspan": "",
		"rowspan": "",
		"content": ""
	},
	"forth": {
		"id": "",
		"title": "",
		"class": "",
		"colspan": "",
		"rowspan": "",
		"content": ""
	},
	"fifth": {
		"id": "",
		"title": "",
		"class": "",
		"colspan": "",
		"rowspan": "",
		"content": ""
	},
	"sixth": {
		"id": "",
		"title": "",
		"class": "",
		"colspan": "",
		"rowspan": "",
		"content": ""
	},
	"seventh": {
		"id": "",
		"title": "",
		"class": "",
		"colspan": "",
		"rowspan": "",
		"content": ""
	}
}, {
	"id": 58,
	"class": "row57",
	"first": {
		"id": "",
		"title": "",
		"class": "column0 style1 s",
		"colspan": "",
		"rowspan": "",
		"content": "03.01.25"
	},
	"second": {
		"id": "",
		"title": "",
		"class": "column1 style1 s",
		"colspan": "",
		"rowspan": "",
		"content": "03.01.30"
	},
	"third": {
		"id": "57",
		"title": "نورولوژی/روانپزشکی/عفونی-دوم- A",
		"class": "column2 style19 s style9",
		"colspan": "4",
		"rowspan": "4",
		"content": "نورولوژی/روانپزشکی/عفونی-دوم"
	},
	"forth": {
		"id": "58",
		"title": "بهداشت/پوست/ENT-اول- B",
		"class": "column6 style22 s style12",
		"colspan": "4",
		"rowspan": "4",
		"content": "بهداشت/پوست/ENT-اول"
	},
	"fifth": {
		"id": "59",
		"title": "بهداشت/پوست/ENT-دوم- D",
		"class": "column14 style22 s style12",
		"colspan": "4",
		"rowspan": "4",
		"content": "بهداشت/پوست/ENT-دوم"
	},
	"sixth": {
		"id": "",
		"title": "",
		"class": "",
		"colspan": "",
		"rowspan": "",
		"content": ""
	},
	"seventh": {
		"id": "",
		"title": "",
		"class": "",
		"colspan": "",
		"rowspan": "",
		"content": ""
	}
}, {
	"id": 59,
	"class": "row58",
	"first": {
		"id": "",
		"title": "",
		"class": "column0 style1 s",
		"colspan": "",
		"rowspan": "",
		"content": "03.02.01"
	},
	"second": {
		"id": "",
		"title": "",
		"class": "column1 style1 s",
		"colspan": "",
		"rowspan": "",
		"content": "03.02.06"
	},
	"third": {
		"id": "",
		"title": "",
		"class": "",
		"colspan": "",
		"rowspan": "",
		"content": ""
	},
	"forth": {
		"id": "",
		"title": "",
		"class": "",
		"colspan": "",
		"rowspan": "",
		"content": ""
	},
	"fifth": {
		"id": "",
		"title": "",
		"class": "",
		"colspan": "",
		"rowspan": "",
		"content": ""
	},
	"sixth": {
		"id": "",
		"title": "",
		"class": "",
		"colspan": "",
		"rowspan": "",
		"content": ""
	},
	"seventh": {
		"id": "",
		"title": "",
		"class": "",
		"colspan": "",
		"rowspan": "",
		"content": ""
	}
}, {
	"id": 60,
	"class": "row59",
	"first": {
		"id": "",
		"title": "",
		"class": "column0 style1 s",
		"colspan": "",
		"rowspan": "",
		"content": "03.02.08"
	},
	"second": {
		"id": "",
		"title": "",
		"class": "column1 style1 s",
		"colspan": "",
		"rowspan": "",
		"content": "03.02.13"
	},
	"third": {
		"id": "",
		"title": "",
		"class": "",
		"colspan": "",
		"rowspan": "",
		"content": ""
	},
	"forth": {
		"id": "",
		"title": "",
		"class": "",
		"colspan": "",
		"rowspan": "",
		"content": ""
	},
	"fifth": {
		"id": "",
		"title": "",
		"class": "",
		"colspan": "",
		"rowspan": "",
		"content": ""
	},
	"sixth": {
		"id": "",
		"title": "",
		"class": "",
		"colspan": "",
		"rowspan": "",
		"content": ""
	},
	"seventh": {
		"id": "",
		"title": "",
		"class": "",
		"colspan": "",
		"rowspan": "",
		"content": ""
	}
}, {
	"id": 61,
	"class": "row60",
	"first": {
		"id": "",
		"title": "",
		"class": "column0 style1 s",
		"colspan": "",
		"rowspan": "",
		"content": "03.02.15"
	},
	"second": {
		"id": "",
		"title": "",
		"class": "column1 style1 s",
		"colspan": "",
		"rowspan": "",
		"content": "03.02.20"
	},
	"third": {
		"id": "",
		"title": "",
		"class": "",
		"colspan": "",
		"rowspan": "",
		"content": ""
	},
	"forth": {
		"id": "",
		"title": "",
		"class": "",
		"colspan": "",
		"rowspan": "",
		"content": ""
	},
	"fifth": {
		"id": "",
		"title": "",
		"class": "",
		"colspan": "",
		"rowspan": "",
		"content": ""
	},
	"sixth": {
		"id": "",
		"title": "",
		"class": "",
		"colspan": "",
		"rowspan": "",
		"content": ""
	},
	"seventh": {
		"id": "",
		"title": "",
		"class": "",
		"colspan": "",
		"rowspan": "",
		"content": ""
	}
}, {
	"id": 62,
	"class": "row61",
	"first": {
		"id": "",
		"title": "",
		"class": "column0 style1 s",
		"colspan": "",
		"rowspan": "",
		"content": "03.02.22"
	},
	"second": {
		"id": "",
		"title": "",
		"class": "column1 style1 s",
		"colspan": "",
		"rowspan": "",
		"content": "03.02.27"
	},
	"third": {
		"id": "60",
		"title": "بهداشت/پوست/ENT-اول- A",
		"class": "column2 style22 s style12",
		"colspan": "4",
		"rowspan": "4",
		"content": "بهداشت/پوست/ENT-اول"
	},
	"forth": {
		"id": "61",
		"title": "نورولوژی/روانپزشکی/عفونی-دوم- B",
		"class": "column6 style19 s style9",
		"colspan": "4",
		"rowspan": "4",
		"content": "نورولوژی/روانپزشکی/عفونی-دوم"
	},
	"fifth": {
		"id": "62",
		"title": "بیهوشی / طب اورژانس/ چشم-اول- C",
		"class": "column10 style45 s style50",
		"colspan": "4",
		"rowspan": "2",
		"content": "بیهوشی / طب اورژانس/ چشم-اول"
	},
	"sixth": {
		"id": "63",
		"title": "کودکان- D",
		"class": "column14 style32 s style113",
		"colspan": "4",
		"rowspan": "12",
		"content": "کودکان"
	},
	"seventh": {
		"id": "",
		"title": "",
		"class": "",
		"colspan": "",
		"rowspan": "",
		"content": ""
	}
}, {
	"id": 63,
	"class": "row62",
	"first": {
		"id": "",
		"title": "",
		"class": "column0 style1 s",
		"colspan": "",
		"rowspan": "",
		"content": "03.02.29"
	},
	"second": {
		"id": "",
		"title": "",
		"class": "column1 style1 s",
		"colspan": "",
		"rowspan": "",
		"content": "03.03.03"
	},
	"third": {
		"id": "",
		"title": "",
		"class": "",
		"colspan": "",
		"rowspan": "",
		"content": ""
	},
	"forth": {
		"id": "",
		"title": "",
		"class": "",
		"colspan": "",
		"rowspan": "",
		"content": ""
	},
	"fifth": {
		"id": "",
		"title": "",
		"class": "",
		"colspan": "",
		"rowspan": "",
		"content": ""
	},
	"sixth": {
		"id": "",
		"title": "",
		"class": "",
		"colspan": "",
		"rowspan": "",
		"content": ""
	},
	"seventh": {
		"id": "",
		"title": "",
		"class": "",
		"colspan": "",
		"rowspan": "",
		"content": ""
	}
}, {
	"id": 64,
	"class": "row63",
	"first": {
		"id": "",
		"title": "",
		"class": "column0 style1 s",
		"colspan": "",
		"rowspan": "",
		"content": "03.03.05"
	},
	"second": {
		"id": "",
		"title": "",
		"class": "column1 style1 s",
		"colspan": "",
		"rowspan": "",
		"content": "03.03.10"
	},
	"third": {
		"id": "64",
		"title": "بیهوشی / طب اورژانس/ چشم-دوم- C",
		"class": "column10 style45 s style50",
		"colspan": "4",
		"rowspan": "2",
		"content": "بیهوشی / طب اورژانس/ چشم-دوم"
	},
	"forth": {
		"id": "",
		"title": "",
		"class": "",
		"colspan": "",
		"rowspan": "",
		"content": ""
	},
	"fifth": {
		"id": "",
		"title": "",
		"class": "",
		"colspan": "",
		"rowspan": "",
		"content": ""
	},
	"sixth": {
		"id": "",
		"title": "",
		"class": "",
		"colspan": "",
		"rowspan": "",
		"content": ""
	},
	"seventh": {
		"id": "",
		"title": "",
		"class": "",
		"colspan": "",
		"rowspan": "",
		"content": ""
	}
}, {
	"id": 65,
	"class": "row64",
	"first": {
		"id": "",
		"title": "",
		"class": "column0 style1 s",
		"colspan": "",
		"rowspan": "",
		"content": "03.03.12"
	},
	"second": {
		"id": "",
		"title": "",
		"class": "column1 style1 s",
		"colspan": "",
		"rowspan": "",
		"content": "03.03.17"
	},
	"third": {
		"id": "",
		"title": "",
		"class": "",
		"colspan": "",
		"rowspan": "",
		"content": ""
	},
	"forth": {
		"id": "",
		"title": "",
		"class": "",
		"colspan": "",
		"rowspan": "",
		"content": ""
	},
	"fifth": {
		"id": "",
		"title": "",
		"class": "",
		"colspan": "",
		"rowspan": "",
		"content": ""
	},
	"sixth": {
		"id": "",
		"title": "",
		"class": "",
		"colspan": "",
		"rowspan": "",
		"content": ""
	},
	"seventh": {
		"id": "",
		"title": "",
		"class": "",
		"colspan": "",
		"rowspan": "",
		"content": ""
	}
}, {
	"id": 66,
	"class": "row65",
	"first": {
		"id": "",
		"title": "",
		"class": "column0 style1 s",
		"colspan": "",
		"rowspan": "",
		"content": "03.03.19"
	},
	"second": {
		"id": "",
		"title": "",
		"class": "column1 style1 s",
		"colspan": "",
		"rowspan": "",
		"content": "03.03.24"
	},
	"third": {
		"id": "65",
		"title": "نورولوژی/روانپزشکی/عفونی-سوم- A",
		"class": "column2 style19 s style9",
		"colspan": "4",
		"rowspan": "4",
		"content": "نورولوژی/روانپزشکی/عفونی-سوم"
	},
	"forth": {
		"id": "66",
		"title": "نورولوژی/روانپزشکی/عفونی-سوم- B",
		"class": "column6 style19 s style9",
		"colspan": "4",
		"rowspan": "4",
		"content": "نورولوژی/روانپزشکی/عفونی-سوم"
	},
	"fifth": {
		"id": "67",
		"title": "بهداشت/پوست/ENT-اول- C",
		"class": "column10 style22 s style12",
		"colspan": "4",
		"rowspan": "4",
		"content": "بهداشت/پوست/ENT-اول"
	},
	"sixth": {
		"id": "",
		"title": "",
		"class": "",
		"colspan": "",
		"rowspan": "",
		"content": ""
	},
	"seventh": {
		"id": "",
		"title": "",
		"class": "",
		"colspan": "",
		"rowspan": "",
		"content": ""
	}
}, {
	"id": 67,
	"class": "row66",
	"first": {
		"id": "",
		"title": "",
		"class": "column0 style1 s",
		"colspan": "",
		"rowspan": "",
		"content": "03.03.26"
	},
	"second": {
		"id": "",
		"title": "",
		"class": "column1 style1 s",
		"colspan": "",
		"rowspan": "",
		"content": "03.03.31"
	},
	"third": {
		"id": "",
		"title": "",
		"class": "",
		"colspan": "",
		"rowspan": "",
		"content": ""
	},
	"forth": {
		"id": "",
		"title": "",
		"class": "",
		"colspan": "",
		"rowspan": "",
		"content": ""
	},
	"fifth": {
		"id": "",
		"title": "",
		"class": "",
		"colspan": "",
		"rowspan": "",
		"content": ""
	},
	"sixth": {
		"id": "",
		"title": "",
		"class": "",
		"colspan": "",
		"rowspan": "",
		"content": ""
	},
	"seventh": {
		"id": "",
		"title": "",
		"class": "",
		"colspan": "",
		"rowspan": "",
		"content": ""
	}
}, {
	"id": 68,
	"class": "row67",
	"first": {
		"id": "",
		"title": "",
		"class": "column0 style1 s",
		"colspan": "",
		"rowspan": "",
		"content": "03.04.02"
	},
	"second": {
		"id": "",
		"title": "",
		"class": "column1 style1 s",
		"colspan": "",
		"rowspan": "",
		"content": "03.04.07"
	},
	"third": {
		"id": "",
		"title": "",
		"class": "",
		"colspan": "",
		"rowspan": "",
		"content": ""
	},
	"forth": {
		"id": "",
		"title": "",
		"class": "",
		"colspan": "",
		"rowspan": "",
		"content": ""
	},
	"fifth": {
		"id": "",
		"title": "",
		"class": "",
		"colspan": "",
		"rowspan": "",
		"content": ""
	},
	"sixth": {
		"id": "",
		"title": "",
		"class": "",
		"colspan": "",
		"rowspan": "",
		"content": ""
	},
	"seventh": {
		"id": "",
		"title": "",
		"class": "",
		"colspan": "",
		"rowspan": "",
		"content": ""
	}
}, {
	"id": 69,
	"class": "row68",
	"first": {
		"id": "",
		"title": "",
		"class": "column0 style1 s",
		"colspan": "",
		"rowspan": "",
		"content": "03.04.09"
	},
	"second": {
		"id": "",
		"title": "",
		"class": "column1 style1 s",
		"colspan": "",
		"rowspan": "",
		"content": "03.04.14"
	},
	"third": {
		"id": "",
		"title": "",
		"class": "",
		"colspan": "",
		"rowspan": "",
		"content": ""
	},
	"forth": {
		"id": "",
		"title": "",
		"class": "",
		"colspan": "",
		"rowspan": "",
		"content": ""
	},
	"fifth": {
		"id": "",
		"title": "",
		"class": "",
		"colspan": "",
		"rowspan": "",
		"content": ""
	},
	"sixth": {
		"id": "",
		"title": "",
		"class": "",
		"colspan": "",
		"rowspan": "",
		"content": ""
	},
	"seventh": {
		"id": "",
		"title": "",
		"class": "",
		"colspan": "",
		"rowspan": "",
		"content": ""
	}
}, {
	"id": 70,
	"class": "row69",
	"first": {
		"id": "",
		"title": "",
		"class": "column0 style1 s",
		"colspan": "",
		"rowspan": "",
		"content": "03.04.16"
	},
	"second": {
		"id": "",
		"title": "",
		"class": "column1 style1 s",
		"colspan": "",
		"rowspan": "",
		"content": "03.04.21"
	},
	"third": {
		"id": "",
		"title": "",
		"class": "column2 style13 s style15",
		"colspan": "4",
		"rowspan": "",
		"content": "آزمون عفونی"
	},
	"forth": {
		"id": "",
		"title": "",
		"class": "column6 style13 s style15",
		"colspan": "4",
		"rowspan": "",
		"content": "آزمون عفونی"
	},
	"fifth": {
		"id": "",
		"title": "",
		"class": "column10 style13 s style15",
		"colspan": "4",
		"rowspan": "",
		"content": "***"
	},
	"sixth": {
		"id": "",
		"title": "",
		"class": "",
		"colspan": "",
		"rowspan": "",
		"content": ""
	},
	"seventh": {
		"id": "",
		"title": "",
		"class": "",
		"colspan": "",
		"rowspan": "",
		"content": ""
	}
}, {
	"id": 71,
	"class": "row70",
	"first": {
		"id": "",
		"title": "",
		"class": "column0 style1 s",
		"colspan": "",
		"rowspan": "",
		"content": "03.04.23"
	},
	"second": {
		"id": "",
		"title": "",
		"class": "column1 style1 s",
		"colspan": "",
		"rowspan": "",
		"content": "03.04.28"
	},
	"third": {
		"id": "68",
		"title": "بهداشت/پوست/ENT-دوم- A",
		"class": "column2 style22 s style12",
		"colspan": "4",
		"rowspan": "4",
		"content": "بهداشت/پوست/ENT-دوم"
	},
	"forth": {
		"id": "69",
		"title": "زنان- B",
		"class": "column6 style29 s style107",
		"colspan": "4",
		"rowspan": "8",
		"content": "زنان"
	},
	"fifth": {
		"id": "70",
		"title": "بهداشت/پوست/ENT-دوم- C",
		"class": "column10 style22 s style12",
		"colspan": "4",
		"rowspan": "4",
		"content": "بهداشت/پوست/ENT-دوم"
	},
	"sixth": {
		"id": "",
		"title": "",
		"class": "",
		"colspan": "",
		"rowspan": "",
		"content": ""
	},
	"seventh": {
		"id": "",
		"title": "",
		"class": "",
		"colspan": "",
		"rowspan": "",
		"content": ""
	}
}, {
	"id": 72,
	"class": "row71",
	"first": {
		"id": "",
		"title": "",
		"class": "column0 style1 s",
		"colspan": "",
		"rowspan": "",
		"content": "03.04.30"
	},
	"second": {
		"id": "",
		"title": "",
		"class": "column1 style1 s",
		"colspan": "",
		"rowspan": "",
		"content": "03.05.04"
	},
	"third": {
		"id": "",
		"title": "",
		"class": "",
		"colspan": "",
		"rowspan": "",
		"content": ""
	},
	"forth": {
		"id": "",
		"title": "",
		"class": "",
		"colspan": "",
		"rowspan": "",
		"content": ""
	},
	"fifth": {
		"id": "",
		"title": "",
		"class": "",
		"colspan": "",
		"rowspan": "",
		"content": ""
	},
	"sixth": {
		"id": "",
		"title": "",
		"class": "",
		"colspan": "",
		"rowspan": "",
		"content": ""
	},
	"seventh": {
		"id": "",
		"title": "",
		"class": "",
		"colspan": "",
		"rowspan": "",
		"content": ""
	}
}, {
	"id": 73,
	"class": "row72",
	"first": {
		"id": "",
		"title": "",
		"class": "column0 style1 s",
		"colspan": "",
		"rowspan": "",
		"content": "03.05.06"
	},
	"second": {
		"id": "",
		"title": "",
		"class": "column1 style1 s",
		"colspan": "",
		"rowspan": "",
		"content": "03.05.11"
	},
	"third": {
		"id": "",
		"title": "",
		"class": "",
		"colspan": "",
		"rowspan": "",
		"content": ""
	},
	"forth": {
		"id": "",
		"title": "",
		"class": "",
		"colspan": "",
		"rowspan": "",
		"content": ""
	},
	"fifth": {
		"id": "",
		"title": "",
		"class": "",
		"colspan": "",
		"rowspan": "",
		"content": ""
	},
	"sixth": {
		"id": "",
		"title": "",
		"class": "",
		"colspan": "",
		"rowspan": "",
		"content": ""
	},
	"seventh": {
		"id": "",
		"title": "",
		"class": "",
		"colspan": "",
		"rowspan": "",
		"content": ""
	}
}, {
	"id": 74,
	"class": "row73",
	"first": {
		"id": "",
		"title": "",
		"class": "column0 style1 s",
		"colspan": "",
		"rowspan": "",
		"content": "03.05.13"
	},
	"second": {
		"id": "",
		"title": "",
		"class": "column1 style1 s",
		"colspan": "",
		"rowspan": "",
		"content": "03.05.18"
	},
	"third": {
		"id": "",
		"title": "",
		"class": "column14 style41 s style37",
		"colspan": "4",
		"rowspan": "",
		"content": "***"
	},
	"forth": {
		"id": "",
		"title": "",
		"class": "",
		"colspan": "",
		"rowspan": "",
		"content": ""
	},
	"fifth": {
		"id": "",
		"title": "",
		"class": "",
		"colspan": "",
		"rowspan": "",
		"content": ""
	},
	"sixth": {
		"id": "",
		"title": "",
		"class": "",
		"colspan": "",
		"rowspan": "",
		"content": ""
	},
	"seventh": {
		"id": "",
		"title": "",
		"class": "",
		"colspan": "",
		"rowspan": "",
		"content": ""
	}
}, {
	"id": 75,
	"class": "row74",
	"first": {
		"id": "",
		"title": "",
		"class": "column0 style1 s",
		"colspan": "",
		"rowspan": "",
		"content": "03.05.20"
	},
	"second": {
		"id": "",
		"title": "",
		"class": "column1 style1 s",
		"colspan": "",
		"rowspan": "",
		"content": "03.05.25"
	},
	"third": {
		"id": "71",
		"title": "کودکان- A",
		"class": "column2 style32 s style113",
		"colspan": "4",
		"rowspan": "12",
		"content": "کودکان"
	},
	"forth": {
		"id": "",
		"title": "",
		"class": "column10 style13 s style15",
		"colspan": "4",
		"rowspan": "",
		"content": "***"
	},
	"fifth": {
		"id": "",
		"title": "",
		"class": "column14 style13 s style15",
		"colspan": "4",
		"rowspan": "",
		"content": "***"
	},
	"sixth": {
		"id": "",
		"title": "",
		"class": "",
		"colspan": "",
		"rowspan": "",
		"content": ""
	},
	"seventh": {
		"id": "",
		"title": "",
		"class": "",
		"colspan": "",
		"rowspan": "",
		"content": ""
	}
}, {
	"id": 76,
	"class": "row75",
	"first": {
		"id": "",
		"title": "",
		"class": "column0 style1 s",
		"colspan": "",
		"rowspan": "",
		"content": "03.05.27"
	},
	"second": {
		"id": "",
		"title": "",
		"class": "column1 style1 s",
		"colspan": "",
		"rowspan": "",
		"content": "03.06.01"
	},
	"third": {
		"id": "72",
		"title": "روانپزشکی / نورولوژی- C",
		"class": "column10 style42 s style44",
		"colspan": "4",
		"rowspan": "",
		"content": "روانپزشکی / نورولوژی"
	},
	"forth": {
		"id": "73",
		"title": "روانپزشکی / نورولوژی- D",
		"class": "column14 style42 s style44",
		"colspan": "4",
		"rowspan": "",
		"content": "روانپزشکی / نورولوژی"
	},
	"fifth": {
		"id": "",
		"title": "",
		"class": "",
		"colspan": "",
		"rowspan": "",
		"content": ""
	},
	"sixth": {
		"id": "",
		"title": "",
		"class": "",
		"colspan": "",
		"rowspan": "",
		"content": ""
	},
	"seventh": {
		"id": "",
		"title": "",
		"class": "",
		"colspan": "",
		"rowspan": "",
		"content": ""
	}
}, {
	"id": 77,
	"class": "row76",
	"first": {
		"id": "",
		"title": "",
		"class": "column0 style1 s",
		"colspan": "",
		"rowspan": "",
		"content": "03.06.03"
	},
	"second": {
		"id": "",
		"title": "",
		"class": "column1 style1 s",
		"colspan": "",
		"rowspan": "",
		"content": "03.06.08"
	},
	"third": {
		"id": "74",
		"title": "بیهوشی / طب اورژانس/ چشم-سوم- C",
		"class": "column10 style45 s style50",
		"colspan": "4",
		"rowspan": "2",
		"content": "بیهوشی / طب اورژانس/ چشم-سوم"
	},
	"forth": {
		"id": "75",
		"title": "بیهوشی / طب اورژانس/ چشم-سوم- D",
		"class": "column14 style45 s style50",
		"colspan": "4",
		"rowspan": "2",
		"content": "بیهوشی / طب اورژانس/ چشم-سوم"
	},
	"fifth": {
		"id": "",
		"title": "",
		"class": "",
		"colspan": "",
		"rowspan": "",
		"content": ""
	},
	"sixth": {
		"id": "",
		"title": "",
		"class": "",
		"colspan": "",
		"rowspan": "",
		"content": ""
	},
	"seventh": {
		"id": "",
		"title": "",
		"class": "",
		"colspan": "",
		"rowspan": "",
		"content": ""
	}
}, {
	"id": 78,
	"class": "row77",
	"first": {
		"id": "",
		"title": "",
		"class": "column0 style1 s",
		"colspan": "",
		"rowspan": "",
		"content": "03.06.10"
	},
	"second": {
		"id": "",
		"title": "",
		"class": "column1 style1 s",
		"colspan": "",
		"rowspan": "",
		"content": "03.06.15"
	},
	"third": {
		"id": "",
		"title": "",
		"class": "",
		"colspan": "",
		"rowspan": "",
		"content": ""
	},
	"forth": {
		"id": "",
		"title": "",
		"class": "",
		"colspan": "",
		"rowspan": "",
		"content": ""
	},
	"fifth": {
		"id": "",
		"title": "",
		"class": "",
		"colspan": "",
		"rowspan": "",
		"content": ""
	},
	"sixth": {
		"id": "",
		"title": "",
		"class": "",
		"colspan": "",
		"rowspan": "",
		"content": ""
	},
	"seventh": {
		"id": "",
		"title": "",
		"class": "",
		"colspan": "",
		"rowspan": "",
		"content": ""
	}
}, {
	"id": 79,
	"class": "row78",
	"first": {
		"id": "",
		"title": "",
		"class": "column0 style1 s",
		"colspan": "",
		"rowspan": "",
		"content": "03.06.17"
	},
	"second": {
		"id": "",
		"title": "",
		"class": "column1 style1 s",
		"colspan": "",
		"rowspan": "",
		"content": "03.06.22"
	},
	"third": {
		"id": "76",
		"title": "بهداشت/پوست/ENT-دوم- B",
		"class": "column6 style22 s style12",
		"colspan": "4",
		"rowspan": "4",
		"content": "بهداشت/پوست/ENT-دوم"
	},
	"forth": {
		"id": "77",
		"title": "عفونی- C",
		"class": "column10 style38 s style40",
		"colspan": "4",
		"rowspan": "",
		"content": "عفونی"
	},
	"fifth": {
		"id": "78",
		"title": "عفونی- D",
		"class": "column14 style38 s style40",
		"colspan": "4",
		"rowspan": "",
		"content": "عفونی"
	},
	"sixth": {
		"id": "",
		"title": "",
		"class": "",
		"colspan": "",
		"rowspan": "",
		"content": ""
	},
	"seventh": {
		"id": "",
		"title": "",
		"class": "",
		"colspan": "",
		"rowspan": "",
		"content": ""
	}
}, {
	"id": 80,
	"class": "row79",
	"first": {
		"id": "",
		"title": "",
		"class": "column0 style1 s",
		"colspan": "",
		"rowspan": "",
		"content": "03.06.24"
	},
	"second": {
		"id": "",
		"title": "",
		"class": "column1 style1 s",
		"colspan": "",
		"rowspan": "",
		"content": "03.06.29"
	},
	"third": {
		"id": "",
		"title": "",
		"class": "column10 style41 s style37",
		"colspan": "4",
		"rowspan": "",
		"content": "آزمون روانپزشکی و نورولوژی"
	},
	"forth": {
		"id": "",
		"title": "",
		"class": "column14 style41 s style37",
		"colspan": "4",
		"rowspan": "",
		"content": "آزمون روانپزشکی و نورولوژی"
	},
	"fifth": {
		"id": "",
		"title": "",
		"class": "",
		"colspan": "",
		"rowspan": "",
		"content": ""
	},
	"sixth": {
		"id": "",
		"title": "",
		"class": "",
		"colspan": "",
		"rowspan": "",
		"content": ""
	},
	"seventh": {
		"id": "",
		"title": "",
		"class": "",
		"colspan": "",
		"rowspan": "",
		"content": ""
	}
}, {
	"id": 81,
	"class": "row80",
	"first": {
		"id": "",
		"title": "",
		"class": "column0 style1 s",
		"colspan": "",
		"rowspan": "",
		"content": "03.06.31"
	},
	"second": {
		"id": "",
		"title": "",
		"class": "column1 style1 s",
		"colspan": "",
		"rowspan": "",
		"content": "03.07.05"
	},
	"third": {
		"id": "79",
		"title": "نورولوژی/روانپزشکی/عفونی-اول- C",
		"class": "column10 style19 s style9",
		"colspan": "4",
		"rowspan": "4",
		"content": "نورولوژی/روانپزشکی/عفونی-اول"
	},
	"forth": {
		"id": "80",
		"title": "نورولوژی/روانپزشکی/عفونی-اول- D",
		"class": "column14 style19 s style9",
		"colspan": "4",
		"rowspan": "4",
		"content": "نورولوژی/روانپزشکی/عفونی-اول"
	},
	"fifth": {
		"id": "",
		"title": "",
		"class": "",
		"colspan": "",
		"rowspan": "",
		"content": ""
	},
	"sixth": {
		"id": "",
		"title": "",
		"class": "",
		"colspan": "",
		"rowspan": "",
		"content": ""
	},
	"seventh": {
		"id": "",
		"title": "",
		"class": "",
		"colspan": "",
		"rowspan": "",
		"content": ""
	}
}, {
	"id": 82,
	"class": "row81",
	"first": {
		"id": "",
		"title": "",
		"class": "column0 style1 s",
		"colspan": "",
		"rowspan": "",
		"content": "03.07.07"
	},
	"second": {
		"id": "",
		"title": "",
		"class": "column1 style1 s",
		"colspan": "",
		"rowspan": "",
		"content": "03.07.12"
	},
	"third": {
		"id": "",
		"title": "",
		"class": "",
		"colspan": "",
		"rowspan": "",
		"content": ""
	},
	"forth": {
		"id": "",
		"title": "",
		"class": "",
		"colspan": "",
		"rowspan": "",
		"content": ""
	},
	"fifth": {
		"id": "",
		"title": "",
		"class": "",
		"colspan": "",
		"rowspan": "",
		"content": ""
	},
	"sixth": {
		"id": "",
		"title": "",
		"class": "",
		"colspan": "",
		"rowspan": "",
		"content": ""
	},
	"seventh": {
		"id": "",
		"title": "",
		"class": "",
		"colspan": "",
		"rowspan": "",
		"content": ""
	}
}, {
	"id": 83,
	"class": "row82",
	"first": {
		"id": "",
		"title": "",
		"class": "column0 style1 s",
		"colspan": "",
		"rowspan": "",
		"content": "03.07.14"
	},
	"second": {
		"id": "",
		"title": "",
		"class": "column1 style1 s",
		"colspan": "",
		"rowspan": "",
		"content": "03.07.19"
	},
	"third": {
		"id": "81",
		"title": "بهداشت/پوست/ENT-سوم- B",
		"class": "column6 style22 s style12",
		"colspan": "4",
		"rowspan": "4",
		"content": "بهداشت/پوست/ENT-سوم"
	},
	"forth": {
		"id": "",
		"title": "",
		"class": "",
		"colspan": "",
		"rowspan": "",
		"content": ""
	},
	"fifth": {
		"id": "",
		"title": "",
		"class": "",
		"colspan": "",
		"rowspan": "",
		"content": ""
	},
	"sixth": {
		"id": "",
		"title": "",
		"class": "",
		"colspan": "",
		"rowspan": "",
		"content": ""
	},
	"seventh": {
		"id": "",
		"title": "",
		"class": "",
		"colspan": "",
		"rowspan": "",
		"content": ""
	}
}, {
	"id": 84,
	"class": "row83",
	"first": {
		"id": "",
		"title": "",
		"class": "column0 style1 s",
		"colspan": "",
		"rowspan": "",
		"content": "03.07.21"
	},
	"second": {
		"id": "",
		"title": "",
		"class": "column1 style1 s",
		"colspan": "",
		"rowspan": "",
		"content": "03.07.26"
	},
	"third": {
		"id": "",
		"title": "",
		"class": "",
		"colspan": "",
		"rowspan": "",
		"content": ""
	},
	"forth": {
		"id": "",
		"title": "",
		"class": "",
		"colspan": "",
		"rowspan": "",
		"content": ""
	},
	"fifth": {
		"id": "",
		"title": "",
		"class": "",
		"colspan": "",
		"rowspan": "",
		"content": ""
	},
	"sixth": {
		"id": "",
		"title": "",
		"class": "",
		"colspan": "",
		"rowspan": "",
		"content": ""
	},
	"seventh": {
		"id": "",
		"title": "",
		"class": "",
		"colspan": "",
		"rowspan": "",
		"content": ""
	}
}, {
	"id": 85,
	"class": "row84",
	"first": {
		"id": "",
		"title": "",
		"class": "column0 style1 s",
		"colspan": "",
		"rowspan": "",
		"content": "03.07.28"
	},
	"second": {
		"id": "",
		"title": "",
		"class": "column1 style1 s",
		"colspan": "",
		"rowspan": "",
		"content": "03.08.03"
	},
	"third": {
		"id": "82",
		"title": "طب سنتی- C",
		"class": "column10 style35 s style37",
		"colspan": "4",
		"rowspan": "",
		"content": "طب سنتی"
	},
	"forth": {
		"id": "83",
		"title": "طب سنتی- D",
		"class": "column14 style35 s style37",
		"colspan": "4",
		"rowspan": "",
		"content": "طب سنتی"
	},
	"fifth": {
		"id": "",
		"title": "",
		"class": "",
		"colspan": "",
		"rowspan": "",
		"content": ""
	},
	"sixth": {
		"id": "",
		"title": "",
		"class": "",
		"colspan": "",
		"rowspan": "",
		"content": ""
	},
	"seventh": {
		"id": "",
		"title": "",
		"class": "",
		"colspan": "",
		"rowspan": "",
		"content": ""
	}
}, {
	"id": 86,
	"class": "row85",
	"first": {
		"id": "",
		"title": "",
		"class": "column0 style1 s",
		"colspan": "",
		"rowspan": "",
		"content": "03.08.05"
	},
	"second": {
		"id": "",
		"title": "",
		"class": "column1 style1 s",
		"colspan": "",
		"rowspan": "",
		"content": "03.08.10"
	},
	"third": {
		"id": "",
		"title": "",
		"class": "column10 style13 s style15",
		"colspan": "4",
		"rowspan": "",
		"content": "***"
	},
	"forth": {
		"id": "",
		"title": "",
		"class": "column14 style13 s style15",
		"colspan": "4",
		"rowspan": "",
		"content": "***"
	},
	"fifth": {
		"id": "",
		"title": "",
		"class": "",
		"colspan": "",
		"rowspan": "",
		"content": ""
	},
	"sixth": {
		"id": "",
		"title": "",
		"class": "",
		"colspan": "",
		"rowspan": "",
		"content": ""
	},
	"seventh": {
		"id": "",
		"title": "",
		"class": "",
		"colspan": "",
		"rowspan": "",
		"content": ""
	}
}, {
	"id": 87,
	"class": "row86",
	"first": {
		"id": "",
		"title": "",
		"class": "column0 style1 s",
		"colspan": "",
		"rowspan": "",
		"content": "03.08.12"
	},
	"second": {
		"id": "",
		"title": "",
		"class": "column1 style1 s",
		"colspan": "",
		"rowspan": "",
		"content": "03.08.17"
	},
	"third": {
		"id": "",
		"title": "",
		"class": "column2 style41 s style37",
		"colspan": "4",
		"rowspan": "",
		"content": "***"
	},
	"forth": {
		"id": "",
		"title": "",
		"class": "column6 style41 s style37",
		"colspan": "4",
		"rowspan": "",
		"content": "***"
	},
	"fifth": {
		"id": "84",
		"title": "نورولوژی/روانپزشکی/عفونی-دوم- C",
		"class": "column10 style19 s style9",
		"colspan": "4",
		"rowspan": "4",
		"content": "نورولوژی/روانپزشکی/عفونی-دوم"
	},
	"sixth": {
		"id": "85",
		"title": "بهداشت/پوست/ENT-سوم- D",
		"class": "column14 style22 s style12",
		"colspan": "4",
		"rowspan": "4",
		"content": "بهداشت/پوست/ENT-سوم"
	},
	"seventh": {
		"id": "",
		"title": "",
		"class": "",
		"colspan": "",
		"rowspan": "",
		"content": ""
	}
}, {
	"id": 88,
	"class": "row87",
	"first": {
		"id": "",
		"title": "",
		"class": "column0 style1 s",
		"colspan": "",
		"rowspan": "",
		"content": "03.08.19"
	},
	"second": {
		"id": "",
		"title": "",
		"class": "column1 style1 s",
		"colspan": "",
		"rowspan": "",
		"content": "03.08.24"
	},
	"third": {
		"id": "86",
		"title": "زنان- A",
		"class": "column2 style29 s style107",
		"colspan": "4",
		"rowspan": "8",
		"content": "زنان"
	},
	"forth": {
		"id": "87",
		"title": "کودکان- B",
		"class": "column6 style32 s style113",
		"colspan": "4",
		"rowspan": "12",
		"content": "کودکان"
	},
	"fifth": {
		"id": "",
		"title": "",
		"class": "",
		"colspan": "",
		"rowspan": "",
		"content": ""
	},
	"sixth": {
		"id": "",
		"title": "",
		"class": "",
		"colspan": "",
		"rowspan": "",
		"content": ""
	},
	"seventh": {
		"id": "",
		"title": "",
		"class": "",
		"colspan": "",
		"rowspan": "",
		"content": ""
	}
}, {
	"id": 89,
	"class": "row88",
	"first": {
		"id": "",
		"title": "",
		"class": "column0 style1 s",
		"colspan": "",
		"rowspan": "",
		"content": "03.08.26"
	},
	"second": {
		"id": "",
		"title": "",
		"class": "column1 style1 s",
		"colspan": "",
		"rowspan": "",
		"content": "03.09.01"
	},
	"third": {
		"id": "",
		"title": "",
		"class": "",
		"colspan": "",
		"rowspan": "",
		"content": ""
	},
	"forth": {
		"id": "",
		"title": "",
		"class": "",
		"colspan": "",
		"rowspan": "",
		"content": ""
	},
	"fifth": {
		"id": "",
		"title": "",
		"class": "",
		"colspan": "",
		"rowspan": "",
		"content": ""
	},
	"sixth": {
		"id": "",
		"title": "",
		"class": "",
		"colspan": "",
		"rowspan": "",
		"content": ""
	},
	"seventh": {
		"id": "",
		"title": "",
		"class": "",
		"colspan": "",
		"rowspan": "",
		"content": ""
	}
}, {
	"id": 90,
	"class": "row89",
	"first": {
		"id": "",
		"title": "",
		"class": "column0 style1 s",
		"colspan": "",
		"rowspan": "",
		"content": "03.09.03"
	},
	"second": {
		"id": "",
		"title": "",
		"class": "column1 style1 s",
		"colspan": "",
		"rowspan": "",
		"content": "03.09.08"
	},
	"third": {
		"id": "",
		"title": "",
		"class": "",
		"colspan": "",
		"rowspan": "",
		"content": ""
	},
	"forth": {
		"id": "",
		"title": "",
		"class": "",
		"colspan": "",
		"rowspan": "",
		"content": ""
	},
	"fifth": {
		"id": "",
		"title": "",
		"class": "",
		"colspan": "",
		"rowspan": "",
		"content": ""
	},
	"sixth": {
		"id": "",
		"title": "",
		"class": "",
		"colspan": "",
		"rowspan": "",
		"content": ""
	},
	"seventh": {
		"id": "",
		"title": "",
		"class": "",
		"colspan": "",
		"rowspan": "",
		"content": ""
	}
}, {
	"id": 91,
	"class": "row90",
	"first": {
		"id": "",
		"title": "",
		"class": "column0 style1 s",
		"colspan": "",
		"rowspan": "",
		"content": "03.09.10"
	},
	"second": {
		"id": "",
		"title": "",
		"class": "column1 style1 s",
		"colspan": "",
		"rowspan": "",
		"content": "03.09.15"
	},
	"third": {
		"id": "88",
		"title": "بهداشت/پوست/ENT-سوم- C",
		"class": "column10 style22 s style12",
		"colspan": "4",
		"rowspan": "4",
		"content": "بهداشت/پوست/ENT-سوم"
	},
	"forth": {
		"id": "89",
		"title": "نورولوژی/روانپزشکی/عفونی-دوم- D",
		"class": "column14 style19 s style9",
		"colspan": "4",
		"rowspan": "4",
		"content": "نورولوژی/روانپزشکی/عفونی-دوم"
	},
	"fifth": {
		"id": "",
		"title": "",
		"class": "",
		"colspan": "",
		"rowspan": "",
		"content": ""
	},
	"sixth": {
		"id": "",
		"title": "",
		"class": "",
		"colspan": "",
		"rowspan": "",
		"content": ""
	},
	"seventh": {
		"id": "",
		"title": "",
		"class": "",
		"colspan": "",
		"rowspan": "",
		"content": ""
	}
}, {
	"id": 92,
	"class": "row91",
	"first": {
		"id": "",
		"title": "",
		"class": "column0 style1 s",
		"colspan": "",
		"rowspan": "",
		"content": "03.09.17"
	},
	"second": {
		"id": "",
		"title": "",
		"class": "column1 style1 s",
		"colspan": "",
		"rowspan": "",
		"content": "03.09.22"
	},
	"third": {
		"id": "",
		"title": "",
		"class": "",
		"colspan": "",
		"rowspan": "",
		"content": ""
	},
	"forth": {
		"id": "",
		"title": "",
		"class": "",
		"colspan": "",
		"rowspan": "",
		"content": ""
	},
	"fifth": {
		"id": "",
		"title": "",
		"class": "",
		"colspan": "",
		"rowspan": "",
		"content": ""
	},
	"sixth": {
		"id": "",
		"title": "",
		"class": "",
		"colspan": "",
		"rowspan": "",
		"content": ""
	},
	"seventh": {
		"id": "",
		"title": "",
		"class": "",
		"colspan": "",
		"rowspan": "",
		"content": ""
	}
}, {
	"id": 93,
	"class": "row92",
	"first": {
		"id": "",
		"title": "",
		"class": "column0 style1 s",
		"colspan": "",
		"rowspan": "",
		"content": "03.09.24"
	},
	"second": {
		"id": "",
		"title": "",
		"class": "column1 style1 s",
		"colspan": "",
		"rowspan": "",
		"content": "03.09.29"
	},
	"third": {
		"id": "",
		"title": "",
		"class": "",
		"colspan": "",
		"rowspan": "",
		"content": ""
	},
	"forth": {
		"id": "",
		"title": "",
		"class": "",
		"colspan": "",
		"rowspan": "",
		"content": ""
	},
	"fifth": {
		"id": "",
		"title": "",
		"class": "",
		"colspan": "",
		"rowspan": "",
		"content": ""
	},
	"sixth": {
		"id": "",
		"title": "",
		"class": "",
		"colspan": "",
		"rowspan": "",
		"content": ""
	},
	"seventh": {
		"id": "",
		"title": "",
		"class": "",
		"colspan": "",
		"rowspan": "",
		"content": ""
	}
}, {
	"id": 94,
	"class": "row93",
	"first": {
		"id": "",
		"title": "",
		"class": "column0 style1 s",
		"colspan": "",
		"rowspan": "",
		"content": "03.10.01"
	},
	"second": {
		"id": "",
		"title": "",
		"class": "column1 style1 s",
		"colspan": "",
		"rowspan": "",
		"content": "03.10.06"
	},
	"third": {
		"id": "",
		"title": "",
		"class": "",
		"colspan": "",
		"rowspan": "",
		"content": ""
	},
	"forth": {
		"id": "",
		"title": "",
		"class": "",
		"colspan": "",
		"rowspan": "",
		"content": ""
	},
	"fifth": {
		"id": "",
		"title": "",
		"class": "",
		"colspan": "",
		"rowspan": "",
		"content": ""
	},
	"sixth": {
		"id": "",
		"title": "",
		"class": "",
		"colspan": "",
		"rowspan": "",
		"content": ""
	},
	"seventh": {
		"id": "",
		"title": "",
		"class": "",
		"colspan": "",
		"rowspan": "",
		"content": ""
	}
}, {
	"id": 95,
	"class": "row94",
	"first": {
		"id": "",
		"title": "",
		"class": "column0 style1 s",
		"colspan": "",
		"rowspan": "",
		"content": "03.10.08"
	},
	"second": {
		"id": "",
		"title": "",
		"class": "column1 style1 s",
		"colspan": "",
		"rowspan": "",
		"content": "03.10.13"
	},
	"third": {
		"id": "90",
		"title": "نورولوژی/روانپزشکی/عفونی-سوم- C",
		"class": "column10 style19 s style9",
		"colspan": "4",
		"rowspan": "4",
		"content": "نورولوژی/روانپزشکی/عفونی-سوم"
	},
	"forth": {
		"id": "91",
		"title": "نورولوژی/روانپزشکی/عفونی-سوم- D",
		"class": "column14 style19 s style9",
		"colspan": "4",
		"rowspan": "4",
		"content": "نورولوژی/روانپزشکی/عفونی-سوم"
	},
	"fifth": {
		"id": "",
		"title": "",
		"class": "",
		"colspan": "",
		"rowspan": "",
		"content": ""
	},
	"sixth": {
		"id": "",
		"title": "",
		"class": "",
		"colspan": "",
		"rowspan": "",
		"content": ""
	},
	"seventh": {
		"id": "",
		"title": "",
		"class": "",
		"colspan": "",
		"rowspan": "",
		"content": ""
	}
}, {
	"id": 96,
	"class": "row95",
	"first": {
		"id": "",
		"title": "",
		"class": "column0 style1 s",
		"colspan": "",
		"rowspan": "",
		"content": "03.10.15"
	},
	"second": {
		"id": "",
		"title": "",
		"class": "column1 style1 s",
		"colspan": "",
		"rowspan": "",
		"content": "03.10.20"
	},
	"third": {
		"id": "92",
		"title": "بهداشت/پوست/ENT-سوم- A",
		"class": "column2 style22 s style12",
		"colspan": "4",
		"rowspan": "4",
		"content": "بهداشت/پوست/ENT-سوم"
	},
	"forth": {
		"id": "",
		"title": "",
		"class": "",
		"colspan": "",
		"rowspan": "",
		"content": ""
	},
	"fifth": {
		"id": "",
		"title": "",
		"class": "",
		"colspan": "",
		"rowspan": "",
		"content": ""
	},
	"sixth": {
		"id": "",
		"title": "",
		"class": "",
		"colspan": "",
		"rowspan": "",
		"content": ""
	},
	"seventh": {
		"id": "",
		"title": "",
		"class": "",
		"colspan": "",
		"rowspan": "",
		"content": ""
	}
}, {
	"id": 97,
	"class": "row96",
	"first": {
		"id": "",
		"title": "",
		"class": "column0 style1 s",
		"colspan": "",
		"rowspan": "",
		"content": "03.10.22"
	},
	"second": {
		"id": "",
		"title": "",
		"class": "column1 style1 s",
		"colspan": "",
		"rowspan": "",
		"content": "03.10.27"
	},
	"third": {
		"id": "",
		"title": "",
		"class": "",
		"colspan": "",
		"rowspan": "",
		"content": ""
	},
	"forth": {
		"id": "",
		"title": "",
		"class": "",
		"colspan": "",
		"rowspan": "",
		"content": ""
	},
	"fifth": {
		"id": "",
		"title": "",
		"class": "",
		"colspan": "",
		"rowspan": "",
		"content": ""
	},
	"sixth": {
		"id": "",
		"title": "",
		"class": "",
		"colspan": "",
		"rowspan": "",
		"content": ""
	},
	"seventh": {
		"id": "",
		"title": "",
		"class": "",
		"colspan": "",
		"rowspan": "",
		"content": ""
	}
}, {
	"id": 98,
	"class": "row97",
	"first": {
		"id": "",
		"title": "",
		"class": "column0 style1 s",
		"colspan": "",
		"rowspan": "",
		"content": "03.10.29"
	},
	"second": {
		"id": "",
		"title": "",
		"class": "column1 style1 s",
		"colspan": "",
		"rowspan": "",
		"content": "03.11.04"
	},
	"third": {
		"id": "",
		"title": "",
		"class": "",
		"colspan": "",
		"rowspan": "",
		"content": ""
	},
	"forth": {
		"id": "",
		"title": "",
		"class": "",
		"colspan": "",
		"rowspan": "",
		"content": ""
	},
	"fifth": {
		"id": "",
		"title": "",
		"class": "",
		"colspan": "",
		"rowspan": "",
		"content": ""
	},
	"sixth": {
		"id": "",
		"title": "",
		"class": "",
		"colspan": "",
		"rowspan": "",
		"content": ""
	},
	"seventh": {
		"id": "",
		"title": "",
		"class": "",
		"colspan": "",
		"rowspan": "",
		"content": ""
	}
}, {
	"id": 99,
	"class": "row98",
	"first": {
		"id": "",
		"title": "",
		"class": "column0 style1 s",
		"colspan": "",
		"rowspan": "",
		"content": "03.11.06"
	},
	"second": {
		"id": "",
		"title": "",
		"class": "column1 style1 s",
		"colspan": "",
		"rowspan": "",
		"content": "03.11.11"
	},
	"third": {
		"id": "",
		"title": "",
		"class": "column10 style13 s style15",
		"colspan": "4",
		"rowspan": "",
		"content": "آزمون عفونی"
	},
	"forth": {
		"id": "",
		"title": "",
		"class": "column14 style13 s style15",
		"colspan": "4",
		"rowspan": "",
		"content": "آزمون عفونی"
	},
	"fifth": {
		"id": "",
		"title": "",
		"class": "",
		"colspan": "",
		"rowspan": "",
		"content": ""
	},
	"sixth": {
		"id": "",
		"title": "",
		"class": "",
		"colspan": "",
		"rowspan": "",
		"content": ""
	},
	"seventh": {
		"id": "",
		"title": "",
		"class": "",
		"colspan": "",
		"rowspan": "",
		"content": ""
	}
}]